outcome,state_rep,action_rep,cate_estimator,p_wins,prop_lb,AUTOC_val_t0,AUTOC_se_val_t0,AUTOC_val_t1,AUTOC_se_val_t1,AUTOC_val_t2,AUTOC_se_val_t2,AUTOC_val_t3,AUTOC_se_val_t3,AUTOC_test_t0,AUTOC_se_test_t0,AUTOC_test_t1,AUTOC_se_test_t1,AUTOC_test_t2,AUTOC_se_test_t2,AUTOC_test_t3,AUTOC_se_test_t3,lp_very_low_7dr,lp_low_7dr,lp_in_range_7dr,lp_g_7dr,lp_using_pump,lp_in_range_7dr_7d_delta,lp_large_tir_drop,lp_low_tir,lp_lows,lp_very_lows,lp_pop_4T_1,lp_pop_4T_2,lp_pop_TIPS
delta_in_range_fw_7d,TIDE,Clustered Embeddings (3),DRForest,0.05,0.01,-0.002634368243220695,0.0020110069692477824,-0.0012977921100782938,0.0026098781484883778,0.007712224480540326,0.002614798937630355,0.0004991733252227547,0.0024241456861942077,0.0004558824255050017,0.0019282815698841707,0.0034264770856285353,0.0027052480597084014,-0.00101114465034541,0.002705229744804884,0.0008645601715607616,0.0026463272869643377,0.021181065961876057,-0.03328667873199228,0.011174664544173617,9.618640116280231e-05,-0.0019101307830261074,0.03687146381099005,0.008178110731387207,0.008599386313441874,0.004491026354614557,-0.0018140273313926385,0.0012998461226382551,0.0,-0.0014332121778018669
