outcome,state_rep,action_rep,cate_estimator,p_wins,prop_lb,AUTOC_val_t0,AUTOC_se_val_t0,AUTOC_val_t1,AUTOC_se_val_t1,AUTOC_val_t2,AUTOC_se_val_t2,AUTOC_val_t3,AUTOC_se_val_t3,AUTOC_test_t0,AUTOC_se_test_t0,AUTOC_test_t1,AUTOC_se_test_t1,AUTOC_test_t2,AUTOC_se_test_t2,AUTOC_test_t3,AUTOC_se_test_t3,lp_very_low_7dr,lp_low_7dr,lp_in_range_7dr,lp_g_7dr,lp_using_pump,lp_in_range_7dr_7d_delta,lp_large_tir_drop,lp_low_tir,lp_lows,lp_very_lows,lp_pop_4T_1,lp_pop_4T_2,lp_pop_TIPS
delta_in_range_fw_7d,TIDE,Clustered Embeddings (3),XLearner,0.05,0.01,-0.0032440757537034485,0.0020582599054700264,4.8519322479948175e-05,0.002553680685271358,0.01220471427454738,0.0024665156363900143,0.0015740444694765997,0.002335158363539303,-0.000994819744165969,0.0018745585591772502,0.0028188086433184436,0.002722705068154688,0.0028082292568292937,0.003415137837477817,-2.8766062780536685e-05,0.002997427354003039,-0.03180077318569045,-0.0364837139352572,0.009872924999173315,9.651372074088683e-05,-0.0025673433544798094,0.047613948464161976,0.014402162526878454,0.006413697559921971,0.004821267231524751,-0.004432818308026517,0.0005872491146242648,0.0,-0.0014359325675867216
