outcome,state_rep,action_rep,cate_estimator,p_wins,prop_lb,AUTOC_val_t0,AUTOC_se_val_t0,AUTOC_val_t1,AUTOC_se_val_t1,AUTOC_val_t2,AUTOC_se_val_t2,AUTOC_val_t3,AUTOC_se_val_t3,AUTOC_test_t0,AUTOC_se_test_t0,AUTOC_test_t1,AUTOC_se_test_t1,AUTOC_test_t2,AUTOC_se_test_t2,AUTOC_test_t3,AUTOC_se_test_t3,lp_very_low_7dr,lp_low_7dr,lp_in_range_7dr,lp_g_7dr,lp_using_pump,lp_in_range_7dr_7d_delta,lp_large_tir_drop,lp_low_tir,lp_lows,lp_very_lows,lp_pop_4T_1,lp_pop_4T_2,lp_pop_TIPS
delta_in_range_fw_7d,TIDE,Clustered Embeddings (3),CF,0.05,0.01,-0.0008676087142029227,0.0019890474930167133,0.00038681102209251004,0.002572131088967919,0.011279749546003375,0.002442467932128068,0.004304145674489225,0.0022181789721818466,0.0025433875473696117,0.002080692195040593,0.001764102091478081,0.002689525399481452,0.0003256326481383956,0.003123482272951766,-0.0002057789821618392,0.0027502325323841364,-0.07417077315447548,-0.03057826789165908,-0.004997954493476965,0.00015438650911120364,-0.0007195052417310868,0.036332517379251486,0.007386035999053266,-0.0014770335824311788,0.0050833107174921,-0.0038092865917761683,0.0004428359257350045,0.0,0.0013859523043394989
