outcome,state_rep,action_rep,cate_estimator,p_wins,prop_lb,AUTOC_val_t0,AUTOC_se_val_t0,AUTOC_val_t1,AUTOC_se_val_t1,AUTOC_val_t2,AUTOC_se_val_t2,AUTOC_val_t3,AUTOC_se_val_t3,AUTOC_test_t0,AUTOC_se_test_t0,AUTOC_test_t1,AUTOC_se_test_t1,AUTOC_test_t2,AUTOC_se_test_t2,AUTOC_test_t3,AUTOC_se_test_t3,lp_very_low_7dr,lp_low_7dr,lp_in_range_7dr,lp_g_7dr,lp_using_pump,lp_in_range_7dr_7d_delta,lp_large_tir_drop,lp_low_tir,lp_lows,lp_very_lows,lp_pop_4T_1,lp_pop_4T_2,lp_pop_TIPS
delta_in_range_fw_7d,TIDE,Clustered Embeddings (3),TLearner,0.05,0.01,0.006492391319490001,0.0020885682981849935,0.008230286695016922,0.002650294088658778,0.01315804248094807,0.00243860486108513,0.012036659657026605,0.0025623123455602997,0.008446766369731863,0.0020482024029354726,0.010524682452188001,0.002808576776007887,0.0024480321535882543,0.0028695529153111208,0.009492335668428333,0.0025863264539629283,0.0840834978971127,-0.18173657779755745,0.01916491993893734,8.223418131861415e-05,-0.006435695926318225,0.07461774196411006,0.0244391652723941,0.012339369245878636,0.011145958711827204,-0.0034905297777338942,-0.00420148288468228,0.0,0.00225651237178709
