outcome,state_rep,action_rep,cate_estimator,p_wins,prop_lb,AUTOC_val_t0,AUTOC_se_val_t0,AUTOC_val_t1,AUTOC_se_val_t1,AUTOC_val_t2,AUTOC_se_val_t2,AUTOC_val_t3,AUTOC_se_val_t3,AUTOC_test_t0,AUTOC_se_test_t0,AUTOC_test_t1,AUTOC_se_test_t1,AUTOC_test_t2,AUTOC_se_test_t2,AUTOC_test_t3,AUTOC_se_test_t3,lp_very_low_7dr,lp_low_7dr,lp_in_range_7dr,lp_g_7dr,lp_using_pump,lp_in_range_7dr_7d_delta,lp_large_tir_drop,lp_low_tir,lp_lows,lp_very_lows,lp_pop_4T_1,lp_pop_4T_2,lp_pop_TIPS
delta_in_range_fw_7d,TIDE,Clustered Embeddings (3),SLearner,0.05,0.01,0.0006719742495977668,0.0020455102835384062,0.0055122854991529755,0.0026127140312821144,0.005106888310290932,0.0027288594022269307,0.006168418686856804,0.002584075468791599,0.00788526542392001,0.0019198411124401972,0.00858137175021709,0.002801353367812396,0.00238222010410995,0.002894569032612072,0.005045750165601443,0.0025410958771373417,0.013700781112223816,-0.061365944904518986,0.004366191817228017,3.0187970764226834e-05,-0.0022087349091599855,0.039541316869589005,0.006363686201251687,0.0031193691976297965,0.00012363812213429231,-0.001790323176457649,0.00040123941396484766,0.0,-0.0017943028320237737
