outcome,state_rep,action_rep,cate_estimator,p_wins,prop_lb,AUTOC_val_t0,AUTOC_se_val_t0,AUTOC_val_t1,AUTOC_se_val_t1,AUTOC_val_t2,AUTOC_se_val_t2,AUTOC_val_t3,AUTOC_se_val_t3,AUTOC_test_t0,AUTOC_se_test_t0,AUTOC_test_t1,AUTOC_se_test_t1,AUTOC_test_t2,AUTOC_se_test_t2,AUTOC_test_t3,AUTOC_se_test_t3,lp_very_low_7dr,lp_low_7dr,lp_in_range_7dr,lp_g_7dr,lp_using_pump,lp_in_range_7dr_7d_delta,lp_large_tir_drop,lp_low_tir,lp_lows,lp_very_lows,lp_pop_4T_1,lp_pop_4T_2,lp_pop_TIPS
delta_in_range_fw_7d,Expert (full),Clustered Embeddings (3),DRForest,0.05,0.01,0.004127620032321202,0.002092542674306368,0.0010327457301778978,0.0024595167602957874,0.0019894135183960923,0.0027875361773779563,0.0023319029853633056,0.0025316107138365434,0.004299530624148099,0.0021521137283733037,0.006352809366134872,0.0028462316750657583,0.0010539646937342312,0.003763144185199301,0.00034351327542060406,0.0032733319425874794,0.011914461880931072,-0.0637996065109648,0.0029746805865167912,9.800529621936614e-05,-0.0035261003212560026,0.016309043492729408,0.00222289211503775,0.003913817093471483,0.005271617773106344,0.0006956052967552123,0.0029646983859377258,0.0,-0.0024626788015877153
