outcome,state_rep,action_rep,cate_estimator,p_wins,prop_lb,AUTOC_val_t0,AUTOC_se_val_t0,AUTOC_val_t1,AUTOC_se_val_t1,AUTOC_val_t2,AUTOC_se_val_t2,AUTOC_test_t0,AUTOC_se_test_t0,AUTOC_test_t1,AUTOC_se_test_t1,AUTOC_test_t2,AUTOC_se_test_t2,lp_very_low_7dr,lp_low_7dr,lp_in_range_7dr,lp_g_7dr,lp_using_pump,lp_in_range_7dr_7d_delta,lp_large_tir_drop,lp_low_tir,lp_lows,lp_very_lows,lp_pop_4T_1,lp_pop_4T_2,lp_pop_TIPS
delta_in_range_fw_7d,Expert (full),Clustered Embeddings (2),CF,0.05,0.01,0.000877007609050821,0.002005224143100929,-0.0008887042762905818,0.002068289250257275,0.0007425345707445247,0.0020136986816533453,-0.00039614449444548024,0.0020564720320415133,-0.0038277473449441026,0.0022609482203460192,0.0003122558240152872,0.002092892001316744,-0.03421152260818077,-0.0006169084875778832,-0.0019411404848225762,7.62648263372076e-05,-0.0011697751980750727,0.0070342623990788606,0.0005775083282315998,-0.00021505717059440904,0.002372350907868914,-0.0015571797580547512,0.001138452373740982,0.0,0.0012564531569033306
