outcome,state_rep,action_rep,cate_estimator,p_wins,prop_lb,AUTOC_val_t0,AUTOC_se_val_t0,AUTOC_val_t1,AUTOC_se_val_t1,AUTOC_val_t2,AUTOC_se_val_t2,AUTOC_val_t3,AUTOC_se_val_t3,AUTOC_test_t0,AUTOC_se_test_t0,AUTOC_test_t1,AUTOC_se_test_t1,AUTOC_test_t2,AUTOC_se_test_t2,AUTOC_test_t3,AUTOC_se_test_t3,lp_very_low_7dr,lp_low_7dr,lp_in_range_7dr,lp_g_7dr,lp_using_pump,lp_in_range_7dr_7d_delta,lp_large_tir_drop,lp_low_tir,lp_lows,lp_very_lows,lp_pop_4T_1,lp_pop_4T_2,lp_pop_TIPS
delta_in_range_fw_7d,Expert (full),Clustered Embeddings (3),CF,0.05,0.01,0.0012264668371072352,0.0020180989506328466,0.0016493353208152587,0.002388448281064142,0.00390634068221767,0.0026426133383718347,0.0009261264481905922,0.002345280704698294,6.931315355392639e-05,0.0019282540787997535,0.001233295750966278,0.002726693814214575,-0.0005464183120125019,0.0032001554926561144,-0.0039243742709181,0.0029246301348329284,-0.021456915328288893,-0.027787920087260186,-0.0038157249465845602,0.00011988448015074389,-0.0008092214198507917,0.009886295898782373,0.0005299589439196249,-0.0019422992117379206,0.0059178467950144805,-0.0009090758502804224,0.0008583813169743615,0.0,0.0007325636529209651
