outcome,state_rep,action_rep,cate_estimator,p_wins,prop_lb,AUTOC_val_t0,AUTOC_se_val_t0,AUTOC_val_t1,AUTOC_se_val_t1,AUTOC_val_t2,AUTOC_se_val_t2,AUTOC_test_t0,AUTOC_se_test_t0,AUTOC_test_t1,AUTOC_se_test_t1,AUTOC_test_t2,AUTOC_se_test_t2,lp_very_low_7dr,lp_low_7dr,lp_in_range_7dr,lp_g_7dr,lp_using_pump,lp_in_range_7dr_7d_delta,lp_large_tir_drop,lp_low_tir,lp_lows,lp_very_lows,lp_pop_4T_1,lp_pop_4T_2,lp_pop_TIPS
delta_in_range_fw_7d,Expert (full),Clustered Embeddings (2),SLearner,0.05,0.01,0.0004980479429738208,0.0018429842340716312,0.0005829385436875153,0.0020416202055654675,0.0004190188538833118,0.0018849068418354735,0.0006279380200167814,0.0018959201238336202,0.0008583132367410587,0.002202938474775717,0.002215924240910385,0.0019786223178629094,-0.002161949359468604,0.0014902021504906362,-2.3114188751766407e-05,3.0388562391106543e-06,-0.00020652933021761215,0.006524363971504181,0.0007585410303745795,0.00037955039052050703,-0.000184994485012683,-1.9254904201627765e-05,9.278210451273272e-06,0.0,5.4101232935922574e-05
