outcome,state_rep,action_rep,cate_estimator,p_wins,prop_lb,AUTOC_val_t0,AUTOC_se_val_t0,AUTOC_val_t1,AUTOC_se_val_t1,AUTOC_val_t2,AUTOC_se_val_t2,AUTOC_val_t3,AUTOC_se_val_t3,AUTOC_test_t0,AUTOC_se_test_t0,AUTOC_test_t1,AUTOC_se_test_t1,AUTOC_test_t2,AUTOC_se_test_t2,AUTOC_test_t3,AUTOC_se_test_t3,lp_very_low_7dr,lp_low_7dr,lp_in_range_7dr,lp_g_7dr,lp_using_pump,lp_in_range_7dr_7d_delta,lp_large_tir_drop,lp_low_tir,lp_lows,lp_very_lows,lp_pop_4T_1,lp_pop_4T_2,lp_pop_TIPS
delta_in_range_fw_7d,Expert (full),Clustered Embeddings (3),XLearner,0.05,0.01,0.0004869233364348109,0.002002653467553959,0.001441497306981802,0.002502886697741248,0.0006460879842874383,0.0026556026848372103,4.8956367580371086e-05,0.002515490565592791,-0.0015694500624326277,0.001938254126879843,0.0047937727322734155,0.0027829628496279816,0.0010206897665961956,0.003281108070880203,0.0031202949274351495,0.0030924312924889507,0.05206217661098811,-0.01855284978077713,-0.0028406123682375686,6.15783937234677e-05,-0.0014198409982876562,-0.0010512347743886089,0.0039820490649274745,0.005328097614293953,0.004405278089351805,0.0026448557570212246,0.0013752378929629086,0.0,-0.004246159916732869
