outcome,state_rep,action_rep,cate_estimator,p_wins,prop_lb,AUTOC_val_t0,AUTOC_se_val_t0,AUTOC_val_t1,AUTOC_se_val_t1,AUTOC_val_t2,AUTOC_se_val_t2,AUTOC_test_t0,AUTOC_se_test_t0,AUTOC_test_t1,AUTOC_se_test_t1,AUTOC_test_t2,AUTOC_se_test_t2,lp_very_low_7dr,lp_low_7dr,lp_in_range_7dr,lp_g_7dr,lp_using_pump,lp_in_range_7dr_7d_delta,lp_large_tir_drop,lp_low_tir,lp_lows,lp_very_lows,lp_pop_4T_1,lp_pop_4T_2,lp_pop_TIPS
delta_in_range_fw_7d,Expert (full),Clustered Embeddings (2),XLearner,0.05,0.01,0.0006412138451456467,0.0020122571013314297,-0.0024983129198253256,0.0021911915337053884,-0.0008228050509373747,0.002071834701238643,-0.0008899023210902268,0.0020321203792930593,-0.0013413354586680585,0.00233007429905653,-0.0010044149189934054,0.0021161386905648597,-0.0005417988342594683,0.0036120354510597702,-0.003112812675419647,5.841538340754145e-05,0.00015035577492940875,-0.0011387986865363158,0.0029314627779999766,0.0015046644035924348,0.000888283477140825,0.0003838113582507762,0.0014862008954111218,0.0,-0.0024810815804000076
