outcome,state_rep,action_rep,cate_estimator,p_wins,prop_lb,AUTOC_val_t0,AUTOC_se_val_t0,AUTOC_val_t1,AUTOC_se_val_t1,AUTOC_val_t2,AUTOC_se_val_t2,AUTOC_val_t3,AUTOC_se_val_t3,AUTOC_test_t0,AUTOC_se_test_t0,AUTOC_test_t1,AUTOC_se_test_t1,AUTOC_test_t2,AUTOC_se_test_t2,AUTOC_test_t3,AUTOC_se_test_t3,lp_very_low_7dr,lp_low_7dr,lp_in_range_7dr,lp_g_7dr,lp_using_pump,lp_in_range_7dr_7d_delta,lp_large_tir_drop,lp_low_tir,lp_lows,lp_very_lows,lp_pop_4T_1,lp_pop_4T_2,lp_pop_TIPS
delta_in_range_fw_7d,Expert (full),Clustered Embeddings (3),SLearner,0.05,0.01,-0.0009638416982056876,0.0018375785000775446,0.0014056224862609452,0.002433460332603157,-0.0013892946219295765,0.002576518872395189,-0.00010055941696919089,0.0023900192410076294,0.001979609735681894,0.0018437098992799743,-0.0033657389501448804,0.0026277539536656343,0.005028316543218351,0.003110206414707846,0.002952218092949801,0.002472960976760703,0.00043958718453832756,-0.0003209590440372002,0.0007117116103550189,-2.588972171760174e-08,-0.00021581534280665923,0.006135944436376853,0.0004219716387704141,0.0011983142104570559,-0.00020826391896916165,-0.00011834462725149871,-7.932827849277123e-05,0.0,-0.00011208502421474885
