outcome,state_rep,action_rep,cate_estimator,p_wins,prop_lb,AUTOC_val_t0,AUTOC_se_val_t0,AUTOC_val_t1,AUTOC_se_val_t1,AUTOC_val_t2,AUTOC_se_val_t2,AUTOC_test_t0,AUTOC_se_test_t0,AUTOC_test_t1,AUTOC_se_test_t1,AUTOC_test_t2,AUTOC_se_test_t2,lp_very_low_7dr,lp_low_7dr,lp_in_range_7dr,lp_g_7dr,lp_using_pump,lp_in_range_7dr_7d_delta,lp_large_tir_drop,lp_low_tir,lp_lows,lp_very_lows,lp_pop_4T_1,lp_pop_4T_2,lp_pop_TIPS
delta_in_range_fw_7d,Expert (full),Clustered Embeddings (2),TLearner,0.05,0.01,0.002154227773427163,0.0019517807723970076,-0.003431770744162038,0.002182103961458901,-0.001726488650396464,0.0021231212264563436,0.0015829395386739568,0.0019171954577922154,-0.0017096493247172415,0.0023215970624167006,0.0019728320264299918,0.0021783255678987728,-0.061889817234711625,-0.04253950400284292,0.026237846970920083,1.320892247779092e-05,-0.004770703159364311,0.0902551941229225,0.02343511434034038,0.0027586323108052054,0.0023001020665095046,-0.0008819470996694196,-0.002453973295340039,0.0,0.00435478846038712
