outcome,state_rep,action_rep,cate_estimator,p_wins,prop_lb,AUTOC_val_t0,AUTOC_se_val_t0,AUTOC_val_t1,AUTOC_se_val_t1,AUTOC_val_t2,AUTOC_se_val_t2,AUTOC_test_t0,AUTOC_se_test_t0,AUTOC_test_t1,AUTOC_se_test_t1,AUTOC_test_t2,AUTOC_se_test_t2,lp_very_low_7dr,lp_low_7dr,lp_in_range_7dr,lp_g_7dr,lp_using_pump,lp_in_range_7dr_7d_delta,lp_large_tir_drop,lp_low_tir,lp_lows,lp_very_lows,lp_pop_4T_1,lp_pop_4T_2,lp_pop_TIPS
delta_in_range_fw_7d,Expert (full),Clustered Embeddings (2),DRForest,0.05,0.01,0.0027618372898417717,0.0021171487478740263,-0.00016344116013253384,0.0020304548297034805,0.003504771940476662,0.0021117853238941317,0.0037106642152635555,0.0021617734114381553,-0.00441814139925245,0.0024335368277772513,0.0026316320715744426,0.0022577517813761735,-0.08516887454464898,-0.06390326005424772,0.0005878713192752703,8.679462075940746e-05,-0.001962905603884596,0.011614527800641346,0.0011906506947582168,-4.540008972052764e-05,0.0035264061865259455,-0.0017625518694748242,0.0024536211408333723,0.0,0.0003709171865818111
