outcome,state_rep,action_rep,cate_estimator,p_wins,prop_lb,AUTOC_val_t0,AUTOC_se_val_t0,AUTOC_val_t1,AUTOC_se_val_t1,AUTOC_val_t2,AUTOC_se_val_t2,AUTOC_val_t3,AUTOC_se_val_t3,AUTOC_test_t0,AUTOC_se_test_t0,AUTOC_test_t1,AUTOC_se_test_t1,AUTOC_test_t2,AUTOC_se_test_t2,AUTOC_test_t3,AUTOC_se_test_t3,lp_very_low_7dr,lp_low_7dr,lp_in_range_7dr,lp_g_7dr,lp_using_pump,lp_in_range_7dr_7d_delta,lp_large_tir_drop,lp_low_tir,lp_lows,lp_very_lows,lp_pop_4T_1,lp_pop_4T_2,lp_pop_TIPS
delta_in_range_fw_7d,Expert (full),Clustered Embeddings (3),TLearner,0.05,0.01,0.002997696798634198,0.001998648010554287,0.001109183309227919,0.002671752060057186,0.0056059619931590424,0.0024687320308339074,0.003911965689858141,0.002394534326441566,0.001171521331032773,0.0019104548395203343,0.006768308473454138,0.002633035704175131,0.0003530122874163102,0.0034460248629100882,0.0023104367459855614,0.0028174634434256717,-0.11176312261930048,-0.09753988987949279,0.028203701365877368,2.246539205525456e-05,-0.00558299459420819,0.09764095595298632,0.018507765965552415,0.008082666408379955,0.00648110508849368,0.0028965724875087795,-0.0019502681976131767,0.0,0.003058226249722917
