outcome,state_rep,action_rep,cate_estimator,p_wins,prop_lb,AUTOC_val_t0,AUTOC_se_val_t0,AUTOC_val_t1,AUTOC_se_val_t1,AUTOC_val_t2,AUTOC_se_val_t2,AUTOC_test_t0,AUTOC_se_test_t0,AUTOC_test_t1,AUTOC_se_test_t1,AUTOC_test_t2,AUTOC_se_test_t2,lp_very_low_7dr,lp_low_7dr,lp_in_range_7dr,lp_g_7dr,lp_using_pump,lp_in_range_7dr_7d_delta,lp_large_tir_drop,lp_low_tir,lp_lows,lp_very_lows,lp_pop_4T_1,lp_pop_4T_2,lp_pop_TIPS
delta_in_range_fw_7d,Expert (subset),Clustered Embeddings (2),DRForest,0.05,0.01,0.004650054981368905,0.002215980802993547,-0.001342904276403673,0.0020469652179554185,0.0032726190438368864,0.0020575794834815503,0.004197950790659722,0.002147629110773155,-0.002996467231632258,0.002305105401088378,0.0029807490157661965,0.002292793501175596,0.07746270436887649,-0.0794672978245838,0.0052694069269376646,9.703885919938489e-05,-0.0032784739123978795,0.017664803704628033,0.002100296131798046,0.0009088808219542666,0.0024557311656683784,-0.0015987708596741325,0.0009553813931192887,0.0,-0.004028337660237911
