outcome,state_rep,action_rep,cate_estimator,p_wins,prop_lb,AUTOC_val_t0,AUTOC_se_val_t0,AUTOC_val_t1,AUTOC_se_val_t1,AUTOC_val_t2,AUTOC_se_val_t2,AUTOC_test_t0,AUTOC_se_test_t0,AUTOC_test_t1,AUTOC_se_test_t1,AUTOC_test_t2,AUTOC_se_test_t2,lp_very_low_7dr,lp_low_7dr,lp_in_range_7dr,lp_g_7dr,lp_using_pump,lp_in_range_7dr_7d_delta,lp_large_tir_drop,lp_low_tir,lp_lows,lp_very_lows,lp_pop_4T_1,lp_pop_4T_2,lp_pop_TIPS
delta_in_range_fw_7d,Expert (subset),Clustered Embeddings (2),SLearner,0.05,0.01,0.002596749262468922,0.0018980713650184218,-0.0019639900079314802,0.0021787088431311453,0.00048529541010819584,0.002039977198715759,0.0004527127785487752,0.002067507701050489,-0.001019026828569844,0.002408824461151564,0.0013951477137317126,0.0022312999855397587,0.00972475199247059,-0.005783908651129371,0.0002108648577570442,1.4733609853751396e-05,-0.0008448537417449246,0.015528183955332262,0.002874825678834176,0.0003757156976390345,-0.0006941650604014591,-7.959203251967756e-05,-6.47257780965259e-05,0.0,-9.838443513296701e-05
