outcome,state_rep,action_rep,cate_estimator,p_wins,prop_lb,AUTOC_val_t0,AUTOC_se_val_t0,AUTOC_val_t1,AUTOC_se_val_t1,AUTOC_val_t2,AUTOC_se_val_t2,AUTOC_val_t3,AUTOC_se_val_t3,AUTOC_test_t0,AUTOC_se_test_t0,AUTOC_test_t1,AUTOC_se_test_t1,AUTOC_test_t2,AUTOC_se_test_t2,AUTOC_test_t3,AUTOC_se_test_t3,lp_very_low_7dr,lp_low_7dr,lp_in_range_7dr,lp_g_7dr,lp_using_pump,lp_in_range_7dr_7d_delta,lp_large_tir_drop,lp_low_tir,lp_lows,lp_very_lows,lp_pop_4T_1,lp_pop_4T_2,lp_pop_TIPS
delta_in_range_fw_7d,Expert (subset),Clustered Embeddings (3),DRForest,0.05,0.01,0.005191564975130876,0.002196201251989532,1.109411757877953e-05,0.002470466541053884,0.0011795474770272412,0.0027766922340628423,0.005351452229288111,0.002390825846286231,0.005381213335515453,0.0021618313070470635,0.0020325788437873483,0.0028711670823695717,0.004132081337447923,0.0038543911686987654,0.003782216654634856,0.0034204150163582854,0.11489740801425659,-0.07429252084256409,0.013171061494567501,0.00011102739622961366,-0.005180022951476342,0.02390148178694905,0.0036089876277396534,0.00629093209221185,0.00298761392034158,-0.0011049683235267768,0.002306246900312055,0.0,-0.0076887822181863925
