outcome,state_rep,action_rep,cate_estimator,p_wins,prop_lb,AUTOC_val_t0,AUTOC_se_val_t0,AUTOC_val_t1,AUTOC_se_val_t1,AUTOC_val_t2,AUTOC_se_val_t2,AUTOC_val_t3,AUTOC_se_val_t3,AUTOC_test_t0,AUTOC_se_test_t0,AUTOC_test_t1,AUTOC_se_test_t1,AUTOC_test_t2,AUTOC_se_test_t2,AUTOC_test_t3,AUTOC_se_test_t3,lp_very_low_7dr,lp_low_7dr,lp_in_range_7dr,lp_g_7dr,lp_using_pump,lp_in_range_7dr_7d_delta,lp_large_tir_drop,lp_low_tir,lp_lows,lp_very_lows,lp_pop_4T_1,lp_pop_4T_2,lp_pop_TIPS
delta_in_range_fw_7d,Expert (subset),Clustered Embeddings (3),TLearner,0.05,0.01,0.0032256103252408237,0.0019903264591738606,0.0056470244529891935,0.0026059343445858016,0.005728598422640023,0.0024756014106902687,0.009817994123340258,0.002349050033323298,0.0034046808132772305,0.002024010153859759,0.0033241061113940037,0.0026700113778011553,0.0033651178705917336,0.002784004912902462,0.0028911867014911035,0.002285890653395597,0.10524602407137092,0.01674317999819164,0.023948893813043316,7.32120375408548e-05,-0.00613681696252052,0.11917553891720638,0.03443817658288033,0.0017412365140929058,0.0032491371538651737,-0.0005844073967736249,-0.002909299141949062,0.0,-0.0011639890105733727
