outcome,state_rep,action_rep,cate_estimator,p_wins,prop_lb,AUTOC_val_t0,AUTOC_se_val_t0,AUTOC_val_t1,AUTOC_se_val_t1,AUTOC_val_t2,AUTOC_se_val_t2,AUTOC_test_t0,AUTOC_se_test_t0,AUTOC_test_t1,AUTOC_se_test_t1,AUTOC_test_t2,AUTOC_se_test_t2,lp_very_low_7dr,lp_low_7dr,lp_in_range_7dr,lp_g_7dr,lp_using_pump,lp_in_range_7dr_7d_delta,lp_large_tir_drop,lp_low_tir,lp_lows,lp_very_lows,lp_pop_4T_1,lp_pop_4T_2,lp_pop_TIPS
delta_in_range_fw_7d,Expert (subset),Clustered Embeddings (2),TLearner,0.05,0.01,0.0018269350779226037,0.0019747880078706745,0.0016478620760590843,0.0022029850327883647,0.0013916593907381063,0.0020907134093610573,0.0027340405596057104,0.0020120584298288775,-0.002368470377938221,0.002405898483930418,0.0016144256911286123,0.002087205210752373,0.13549213322520898,-0.0010596675251397989,0.02607517625581022,5.5205067563253756e-05,-0.005529609604456602,0.11236089722052203,0.03346801225254007,-0.0021459816066844895,-0.0008240658358023705,-0.002724448552379449,-0.0031327987688332614,0.0,-0.0002661497299473581
