outcome,state_rep,action_rep,cate_estimator,p_wins,prop_lb,AUTOC_val_t0,AUTOC_se_val_t0,AUTOC_val_t1,AUTOC_se_val_t1,AUTOC_val_t2,AUTOC_se_val_t2,AUTOC_val_t3,AUTOC_se_val_t3,AUTOC_test_t0,AUTOC_se_test_t0,AUTOC_test_t1,AUTOC_se_test_t1,AUTOC_test_t2,AUTOC_se_test_t2,AUTOC_test_t3,AUTOC_se_test_t3,lp_very_low_7dr,lp_low_7dr,lp_in_range_7dr,lp_g_7dr,lp_using_pump,lp_in_range_7dr_7d_delta,lp_large_tir_drop,lp_low_tir,lp_lows,lp_very_lows,lp_pop_4T_1,lp_pop_4T_2,lp_pop_TIPS
delta_in_range_fw_7d,Expert (subset),Clustered Embeddings (3),XLearner,0.05,0.01,0.002608647106425039,0.0018924326259070511,0.003212146904063122,0.0024053388965206684,0.0025815668902334924,0.00248885860954822,0.00486516297032772,0.0022533002191703726,-0.0010241756304040124,0.0019504398807496405,0.0013805910829379972,0.0027732513732732274,0.0024651227457662245,0.00304143382510807,0.005130577695458737,0.002789721664178162,0.1293040029019237,-0.06060729740999207,0.0016190260759059284,0.0001112689980563931,-0.002746349182344983,-0.00013492508121950276,0.005401140747541976,0.0016803336665696855,0.005339378847016553,0.0009933793415557498,-0.0012357670706896174,0.0,-0.005208332425073194
