outcome,state_rep,action_rep,cate_estimator,p_wins,prop_lb,AUTOC_val_t0,AUTOC_se_val_t0,AUTOC_val_t1,AUTOC_se_val_t1,AUTOC_val_t2,AUTOC_se_val_t2,AUTOC_test_t0,AUTOC_se_test_t0,AUTOC_test_t1,AUTOC_se_test_t1,AUTOC_test_t2,AUTOC_se_test_t2,lp_very_low_7dr,lp_low_7dr,lp_in_range_7dr,lp_g_7dr,lp_using_pump,lp_in_range_7dr_7d_delta,lp_large_tir_drop,lp_low_tir,lp_lows,lp_very_lows,lp_pop_4T_1,lp_pop_4T_2,lp_pop_TIPS
delta_in_range_fw_7d,Expert (subset),Clustered Embeddings (2),XLearner,0.05,0.01,0.002538116479015224,0.001891230041149157,-0.002182793708396029,0.0021804539142232836,0.0005008627077382729,0.0020573516716986674,-0.0012979931177345525,0.002058332031423753,-0.003524120087584284,0.0022768175533319597,0.0007228433392664401,0.0020809659311911526,0.12617546670090757,-0.03615967377594534,0.0007834166066579042,9.724009272227175e-05,-0.00134742256946851,0.004834312602548788,0.004639789025036631,-0.0020395756463767005,0.0024246792786607706,0.00012551631353386738,-0.0016778857987310776,0.0,-0.00394483354258382
