outcome,state_rep,action_rep,cate_estimator,p_wins,prop_lb,AUTOC_val_t0,AUTOC_se_val_t0,AUTOC_val_t1,AUTOC_se_val_t1,AUTOC_val_t2,AUTOC_se_val_t2,AUTOC_val_t3,AUTOC_se_val_t3,AUTOC_test_t0,AUTOC_se_test_t0,AUTOC_test_t1,AUTOC_se_test_t1,AUTOC_test_t2,AUTOC_se_test_t2,AUTOC_test_t3,AUTOC_se_test_t3,lp_very_low_7dr,lp_low_7dr,lp_in_range_7dr,lp_g_7dr,lp_using_pump,lp_in_range_7dr_7d_delta,lp_large_tir_drop,lp_low_tir,lp_lows,lp_very_lows,lp_pop_4T_1,lp_pop_4T_2,lp_pop_TIPS
delta_in_range_fw_7d,Expert (subset),Clustered Embeddings (3),CF,0.05,0.01,0.0007427379271695952,0.0019754277083656947,0.0054140319645930735,0.0023085907315139455,0.0026457461953613677,0.002449265869759638,0.0043954556372955865,0.0022233462125563703,-0.0002491279005972172,0.001936154051364351,-0.005935222444579795,0.0027512400249638195,0.0031556150733311164,0.002841568631396824,-0.00026525855955136736,0.0025985648871437415,0.051199245431519165,-0.08664473578317274,0.0014796508533935241,0.00017315952984106345,-0.005152039942764901,0.005312100653398896,0.001073135104557297,-0.005356856793156251,0.006346100453467373,-0.0004002220373769157,-0.0017938781305870187,0.0,0.0011792471270899764
