outcome,state_rep,action_rep,cate_estimator,p_wins,prop_lb,AUTOC_val_t0,AUTOC_se_val_t0,AUTOC_val_t1,AUTOC_se_val_t1,AUTOC_val_t2,AUTOC_se_val_t2,AUTOC_test_t0,AUTOC_se_test_t0,AUTOC_test_t1,AUTOC_se_test_t1,AUTOC_test_t2,AUTOC_se_test_t2,lp_very_low_7dr,lp_low_7dr,lp_in_range_7dr,lp_g_7dr,lp_using_pump,lp_in_range_7dr_7d_delta,lp_large_tir_drop,lp_low_tir,lp_lows,lp_very_lows,lp_pop_4T_1,lp_pop_4T_2,lp_pop_TIPS
delta_in_range_fw_7d,Expert (subset),Clustered Embeddings (2),CF,0.05,0.01,0.0024428079397030475,0.0019221676174748124,0.0021242423659319394,0.0020515920388330853,0.0034714719378499868,0.0018694123928448905,-0.0011780916876482893,0.0019541237604400975,-0.007288384017901399,0.0023721070850031122,-0.0019547884107616997,0.0020424592292448444,0.029906512959636096,-0.008309132845440173,0.00022658048152628303,9.780608935323022e-05,-0.0036528954526501302,0.006021283435274813,0.0006926309297209741,-0.0008438098752899026,0.0025676412333229186,-0.0002482868428869948,-0.0007111229886848969,0.0,-0.0002957155956118861
