outcome,state_rep,action_rep,cate_estimator,p_wins,prop_lb,AUTOC_val_t0,AUTOC_se_val_t0,AUTOC_val_t1,AUTOC_se_val_t1,AUTOC_val_t2,AUTOC_se_val_t2,AUTOC_val_t3,AUTOC_se_val_t3,AUTOC_test_t0,AUTOC_se_test_t0,AUTOC_test_t1,AUTOC_se_test_t1,AUTOC_test_t2,AUTOC_se_test_t2,AUTOC_test_t3,AUTOC_se_test_t3,lp_very_low_7dr,lp_low_7dr,lp_in_range_7dr,lp_g_7dr,lp_using_pump,lp_in_range_7dr_7d_delta,lp_large_tir_drop,lp_low_tir,lp_lows,lp_very_lows,lp_pop_4T_1,lp_pop_4T_2,lp_pop_TIPS
delta_in_range_fw_7d,Expert (subset),Clustered Embeddings (3),SLearner,0.05,0.01,0.0010673160121135825,0.0019262897159372165,0.0009267465785621495,0.0023777902433653633,0.0006621261267395922,0.00253944178705999,0.0030847717083193767,0.002180775896719836,0.0011461585344646086,0.0020252333830330887,0.00247926102268213,0.0027278076893481116,0.005897887994895353,0.0030178028745202726,0.004930550934676076,0.0023650887565770926,0.006121602380112846,-0.005629852435633878,0.0009871996009258705,1.2379205589485379e-05,-0.0008680932048416328,0.01502284888604106,0.0021461270441603883,0.0012948031787158125,-0.00018798996709862075,0.0001819477404271139,-0.0001688300308025803,0.0,-0.00040619881548092246
