outcome,state_rep,action_rep,cate_estimator,p_wins,prop_lb,AUTOC_val_t0,AUTOC_se_val_t0,AUTOC_val_t1,AUTOC_se_val_t1,AUTOC_val_t2,AUTOC_se_val_t2,AUTOC_test_t0,AUTOC_se_test_t0,AUTOC_test_t1,AUTOC_se_test_t1,AUTOC_test_t2,AUTOC_se_test_t2,lp_very_low_7dr,lp_low_7dr,lp_in_range_7dr,lp_g_7dr,lp_using_pump,lp_in_range_7dr_7d_delta,lp_large_tir_drop,lp_low_tir,lp_lows,lp_very_lows,lp_pop_4T_1,lp_pop_4T_2,lp_pop_TIPS
delta_in_range_fw_7d,Raw (UMAP),Clustered Embeddings (2),CF,0.05,0.01,-0.00521539312939925,0.0020064999797183196,0.00495599711676994,0.0023267007114737225,-0.00047573655060883943,0.0020650792389517343,-0.0012142510746087803,0.0021740174690778654,-0.001678161099761772,0.0026087455761094986,-0.0021030498559329804,0.0025661952263526604,0.012673485717531937,-0.02202162385544986,-0.0025061127565698302,0.00011329636803183025,-0.0001367032987159056,0.01412148046244739,0.002313887482421571,-0.0016911927164551617,0.0006944896951631057,-0.0003321986042975798,-0.001391238935654288,0.0,0.00040571215916251967
