outcome,state_rep,action_rep,cate_estimator,p_wins,prop_lb,AUTOC_val_t0,AUTOC_se_val_t0,AUTOC_val_t1,AUTOC_se_val_t1,AUTOC_val_t2,AUTOC_se_val_t2,AUTOC_val_t3,AUTOC_se_val_t3,AUTOC_test_t0,AUTOC_se_test_t0,AUTOC_test_t1,AUTOC_se_test_t1,AUTOC_test_t2,AUTOC_se_test_t2,AUTOC_test_t3,AUTOC_se_test_t3,lp_very_low_7dr,lp_low_7dr,lp_in_range_7dr,lp_g_7dr,lp_using_pump,lp_in_range_7dr_7d_delta,lp_large_tir_drop,lp_low_tir,lp_lows,lp_very_lows,lp_pop_4T_1,lp_pop_4T_2,lp_pop_TIPS
delta_in_range_fw_7d,Raw (UMAP),Clustered Embeddings (3),SLearner,0.05,0.01,-0.004745414029781831,0.0020379680499605928,0.004796811604986773,0.0025795994339837714,-0.0007139112632746768,0.0026334447098211545,-0.002082857823283826,0.002433456918748527,0.002747313005213563,0.002009502742208326,-0.0020537611508803654,0.0029579676941740825,-0.00023083251414756663,0.0025772252239676997,0.0018608334783756881,0.002615953181640266,0.010786601724927057,-0.023568870992731937,-0.0008087235302972578,9.290560508676798e-05,0.00014576424294864785,0.006168401122798525,0.00130330934947549,0.00035159254396523827,0.0002918706631486493,-0.0005387580070923989,-0.000894628829983973,0.0,0.0007226425068531629
