outcome,state_rep,action_rep,cate_estimator,p_wins,prop_lb,AUTOC_val_t0,AUTOC_se_val_t0,AUTOC_val_t1,AUTOC_se_val_t1,AUTOC_val_t2,AUTOC_se_val_t2,AUTOC_val_t3,AUTOC_se_val_t3,AUTOC_test_t0,AUTOC_se_test_t0,AUTOC_test_t1,AUTOC_se_test_t1,AUTOC_test_t2,AUTOC_se_test_t2,AUTOC_test_t3,AUTOC_se_test_t3,lp_very_low_7dr,lp_low_7dr,lp_in_range_7dr,lp_g_7dr,lp_using_pump,lp_in_range_7dr_7d_delta,lp_large_tir_drop,lp_low_tir,lp_lows,lp_very_lows,lp_pop_4T_1,lp_pop_4T_2,lp_pop_TIPS
delta_in_range_fw_7d,Raw (UMAP),Clustered Embeddings (3),TLearner,0.05,0.01,-0.0027667658171774763,0.0019581619956959367,0.005336331690508474,0.0025666620925911135,-0.0005262216938459311,0.0025724211306543733,0.0005657867456904198,0.0024129239670672605,0.001903465283475443,0.002019917268091821,-0.001316590490956062,0.002766067162543762,0.0015002664756474863,0.00265431009121703,6.498172720544501e-05,0.0026331916959469806,0.0426441016484707,0.01548619079441691,0.0035224373965651186,0.00020178184961484438,-0.0007844037870773594,0.023012919990394103,0.002777766151206744,-0.0011507512649066702,0.0004932245223986141,-0.0005143283159845682,-0.0022669690040399934,0.0,0.0013998219898732063
