outcome,state_rep,action_rep,cate_estimator,p_wins,prop_lb,AUTOC_val_t0,AUTOC_se_val_t0,AUTOC_val_t1,AUTOC_se_val_t1,AUTOC_val_t2,AUTOC_se_val_t2,AUTOC_test_t0,AUTOC_se_test_t0,AUTOC_test_t1,AUTOC_se_test_t1,AUTOC_test_t2,AUTOC_se_test_t2,lp_very_low_7dr,lp_low_7dr,lp_in_range_7dr,lp_g_7dr,lp_using_pump,lp_in_range_7dr_7d_delta,lp_large_tir_drop,lp_low_tir,lp_lows,lp_very_lows,lp_pop_4T_1,lp_pop_4T_2,lp_pop_TIPS
delta_in_range_fw_7d,Raw (UMAP),Clustered Embeddings (2),XLearner,0.05,0.01,-0.003936008151488816,0.0019239259246985638,0.006068913783233147,0.002224680422018859,0.002439120282200796,0.0020458435348258376,-0.0007283950882372697,0.0020983221055848747,0.0005033574375071757,0.0024829311648390294,-0.0015221220038327955,0.0023126412177870022,0.0758161660197292,-0.016241896599915564,-0.0012251730966238571,0.00016437186053326933,-0.0007965303827185925,0.013969590565616929,0.003851567653614901,-0.002137643346385227,0.0009280042322644989,-0.0014440503856703543,-0.0017242977004104493,0.0,0.0007874358105637285
