outcome,state_rep,action_rep,cate_estimator,p_wins,prop_lb,AUTOC_val_t0,AUTOC_se_val_t0,AUTOC_val_t1,AUTOC_se_val_t1,AUTOC_val_t2,AUTOC_se_val_t2,AUTOC_val_t3,AUTOC_se_val_t3,AUTOC_test_t0,AUTOC_se_test_t0,AUTOC_test_t1,AUTOC_se_test_t1,AUTOC_test_t2,AUTOC_se_test_t2,AUTOC_test_t3,AUTOC_se_test_t3,lp_very_low_7dr,lp_low_7dr,lp_in_range_7dr,lp_g_7dr,lp_using_pump,lp_in_range_7dr_7d_delta,lp_large_tir_drop,lp_low_tir,lp_lows,lp_very_lows,lp_pop_4T_1,lp_pop_4T_2,lp_pop_TIPS
delta_in_range_fw_7d,Raw (UMAP),Clustered Embeddings (3),XLearner,0.05,0.01,-0.0033959262580810215,0.001974194878468021,0.006511620830065004,0.0025457984809609496,0.002120378084941638,0.0025223478519628318,0.0021890899251572346,0.0023498200546623257,-0.00046084791456926116,0.0021043514570626217,0.00038662959092923956,0.002793146146785735,0.005052621581532051,0.002609716937376596,0.0006588184016996424,0.002530997277517517,0.048676033071419184,0.003520103412555359,-0.007470396966304452,0.0002571207683389406,-0.00030117633176906714,0.020673611849512056,0.0036675509265732104,-0.005209664680535006,0.0009787388119713153,-0.001643350200462293,-0.002443034956324948,0.0,0.0015396166131139346
