outcome,state_rep,action_rep,cate_estimator,p_wins,prop_lb,AUTOC_val_t0,AUTOC_se_val_t0,AUTOC_val_t1,AUTOC_se_val_t1,AUTOC_val_t2,AUTOC_se_val_t2,AUTOC_val_t3,AUTOC_se_val_t3,AUTOC_test_t0,AUTOC_se_test_t0,AUTOC_test_t1,AUTOC_se_test_t1,AUTOC_test_t2,AUTOC_se_test_t2,AUTOC_test_t3,AUTOC_se_test_t3,lp_very_low_7dr,lp_low_7dr,lp_in_range_7dr,lp_g_7dr,lp_using_pump,lp_in_range_7dr_7d_delta,lp_large_tir_drop,lp_low_tir,lp_lows,lp_very_lows,lp_pop_4T_1,lp_pop_4T_2,lp_pop_TIPS
delta_in_range_fw_7d,Raw (UMAP),Clustered Embeddings (3),CF,0.05,0.01,-0.0047804469817992,0.002036909274714296,0.006870120241441411,0.00273186371140135,-0.0006874313299557709,0.002616951084553075,0.003431977520764402,0.0025163639184871836,-0.0017250600287991396,0.0021226756483441345,-0.0014037709571062093,0.0027638018783068055,0.003536101663720894,0.002882931352529311,-0.0002493460734619064,0.002628949410140595,-0.01297561357145106,0.0175145773011963,-0.007209324794401867,0.00019943736135640433,-0.00028334019550483593,0.016745087616654407,0.00254839560663263,-0.006352915477686248,0.0008854018214202776,-0.0004395996686669235,-0.001851818021228439,0.0,0.0013852089809857906
