outcome,state_rep,action_rep,cate_estimator,p_wins,prop_lb,AUTOC_val_t0,AUTOC_se_val_t0,AUTOC_val_t1,AUTOC_se_val_t1,AUTOC_val_t2,AUTOC_se_val_t2,AUTOC_test_t0,AUTOC_se_test_t0,AUTOC_test_t1,AUTOC_se_test_t1,AUTOC_test_t2,AUTOC_se_test_t2,lp_very_low_7dr,lp_low_7dr,lp_in_range_7dr,lp_g_7dr,lp_using_pump,lp_in_range_7dr_7d_delta,lp_large_tir_drop,lp_low_tir,lp_lows,lp_very_lows,lp_pop_4T_1,lp_pop_4T_2,lp_pop_TIPS
delta_in_range_fw_7d,Raw (UMAP),Clustered Embeddings (2),SLearner,0.05,0.01,-0.005270512420408865,0.0019902837521078728,0.0034729519085779322,0.002311390307745572,-0.0017645982620649744,0.0020973713818190545,0.00240043849985325,0.0020762150242651036,-0.0030153212239543274,0.0026648238103668047,0.0028606197816855323,0.002272272077723743,0.015347138637773783,-0.029260222750945218,-0.001912800415944274,7.9662238831717e-05,0.00014891937599593164,0.004728947576021998,0.0004454163110353892,3.5336983171113934e-05,0.00040193091377774384,-0.0006349573589801504,-0.0009433860546081847,0.0,0.00043546608981256127
