outcome,state_rep,action_rep,cate_estimator,p_wins,prop_lb,AUTOC_val_t0,AUTOC_se_val_t0,AUTOC_val_t1,AUTOC_se_val_t1,AUTOC_val_t2,AUTOC_se_val_t2,AUTOC_val_t3,AUTOC_se_val_t3,AUTOC_test_t0,AUTOC_se_test_t0,AUTOC_test_t1,AUTOC_se_test_t1,AUTOC_test_t2,AUTOC_se_test_t2,AUTOC_test_t3,AUTOC_se_test_t3,lp_very_low_7dr,lp_low_7dr,lp_in_range_7dr,lp_g_7dr,lp_using_pump,lp_in_range_7dr_7d_delta,lp_large_tir_drop,lp_low_tir,lp_lows,lp_very_lows,lp_pop_4T_1,lp_pop_4T_2,lp_pop_TIPS
delta_in_range_fw_7d,Raw (UMAP),Clustered Embeddings (3),DRForest,0.05,0.01,-0.0048805061181233225,0.0020157896114050096,0.0052284025561338335,0.002615344291074838,-0.003869476258741896,0.0028136776508842047,0.00032290013803576185,0.0026044406103919245,0.0016807798920616935,0.0021227203661319254,0.0007835333239439243,0.0028551498336804276,0.00036407550714316313,0.003006507651564221,0.0018394596115049455,0.00293839558098831,0.042883147319353714,0.0008345031581277221,0.011776304504888292,0.00014865130517014303,-0.0018366734403495021,0.027786294707281785,0.004807060551762963,0.002664920486130799,0.001015913738587853,0.000142461982764696,-0.00039878118039857923,0.0,0.0010360525411661867
