outcome,state_rep,action_rep,cate_estimator,p_wins,prop_lb,AUTOC_val_t0,AUTOC_se_val_t0,AUTOC_val_t1,AUTOC_se_val_t1,AUTOC_val_t2,AUTOC_se_val_t2,AUTOC_test_t0,AUTOC_se_test_t0,AUTOC_test_t1,AUTOC_se_test_t1,AUTOC_test_t2,AUTOC_se_test_t2,lp_very_low_7dr,lp_low_7dr,lp_in_range_7dr,lp_g_7dr,lp_using_pump,lp_in_range_7dr_7d_delta,lp_large_tir_drop,lp_low_tir,lp_lows,lp_very_lows,lp_pop_4T_1,lp_pop_4T_2,lp_pop_TIPS
delta_in_range_fw_7d,Raw (UMAP),Clustered Embeddings (2),DRForest,0.05,0.01,-0.004414671826654743,0.0019561754669051145,0.0033128065556452643,0.0022774748926269956,9.348396821052673e-05,0.002085305012161667,0.0018116010515938942,0.002087459438309969,-0.0018611651892402464,0.0024375675607559246,0.0019450024789079855,0.0023475023218694226,0.05894250646062353,-0.03445313096213744,0.005190409002414841,0.00010410986493071094,-0.000790900582591428,0.020728382167423103,0.0031418767863979928,0.0012465714509147352,0.00022841560681581845,-0.0003855347779060201,-0.0012924985950511546,0.0,-0.00012727406320851205
