outcome,state_rep,action_rep,cate_estimator,p_wins,prop_lb,AUTOC_val_t0,AUTOC_se_val_t0,AUTOC_val_t1,AUTOC_se_val_t1,AUTOC_val_t2,AUTOC_se_val_t2,AUTOC_test_t0,AUTOC_se_test_t0,AUTOC_test_t1,AUTOC_se_test_t1,AUTOC_test_t2,AUTOC_se_test_t2,lp_very_low_7dr,lp_low_7dr,lp_in_range_7dr,lp_g_7dr,lp_using_pump,lp_in_range_7dr_7d_delta,lp_large_tir_drop,lp_low_tir,lp_lows,lp_very_lows,lp_pop_4T_1,lp_pop_4T_2,lp_pop_TIPS
delta_in_range_fw_7d,Raw (UMAP),Clustered Embeddings (2),TLearner,0.05,0.01,-0.0038582621756999844,0.0019178081943083333,0.0038151012876404423,0.002272240042135637,0.0010929816718043242,0.002023587738179437,0.002076420877618451,0.0019825782717498284,-0.000280448691128214,0.0024654430602065245,0.0006210622279635352,0.0022675607257332704,0.08455582757870336,-0.0153848864317656,0.005433349504520243,0.0001375220104252236,-0.0005860430242869547,0.015925654307931185,0.002093161435492321,-0.0007478794585779278,0.000875630463602424,-0.0007685509580217183,-0.0016462259508594225,0.0,0.0007489796596682924
