outcome,state_rep,action_rep,cate_estimator,p_wins,prop_lb,AUTOC_val_t0,AUTOC_se_val_t0,AUTOC_val_t1,AUTOC_se_val_t1,AUTOC_val_t2,AUTOC_se_val_t2,AUTOC_test_t0,AUTOC_se_test_t0,AUTOC_test_t1,AUTOC_se_test_t1,AUTOC_test_t2,AUTOC_se_test_t2,lp_very_low_7dr,lp_low_7dr,lp_in_range_7dr,lp_g_7dr,lp_using_pump,lp_in_range_7dr_7d_delta,lp_large_tir_drop,lp_low_tir,lp_lows,lp_very_lows,lp_pop_4T_1,lp_pop_4T_2,lp_pop_TIPS
delta_in_range_fw_7d,TIDE,Clustered Embeddings (2),TLearner,0.05,0.01,0.0065987416821271586,0.002055302885905908,0.0014445477417954226,0.002241280777826,0.004354655743285789,0.0022302540944753118,0.00936811657145177,0.002063970800548786,0.00013801944981958018,0.0023419646128725958,0.006401398559269353,0.002180294577976446,0.0913486190210655,-0.12713160414133787,0.026199468193913337,5.176165110589928e-05,-0.007692914366676963,0.04830090836371941,0.02148055120220088,0.005414133475741206,0.0019459374637694337,-0.006844513125337814,-0.004077111383836651,0.0,0.004226562727989838
