outcome,state_rep,action_rep,cate_estimator,p_wins,prop_lb,AUTOC_val_t0,AUTOC_se_val_t0,AUTOC_val_t1,AUTOC_se_val_t1,AUTOC_val_t2,AUTOC_se_val_t2,AUTOC_test_t0,AUTOC_se_test_t0,AUTOC_test_t1,AUTOC_se_test_t1,AUTOC_test_t2,AUTOC_se_test_t2,lp_very_low_7dr,lp_low_7dr,lp_in_range_7dr,lp_g_7dr,lp_using_pump,lp_in_range_7dr_7d_delta,lp_large_tir_drop,lp_low_tir,lp_lows,lp_very_lows,lp_pop_4T_1,lp_pop_4T_2,lp_pop_TIPS
delta_in_range_fw_7d,TIDE,Clustered Embeddings (2),DRForest,0.05,0.01,-0.0009924513713187927,0.001976925665252846,0.001193770067742995,0.002175658771013654,0.002276026035783422,0.0020281766980234737,0.0009715982979761907,0.0018893055073818327,-0.0025649393262450366,0.0024058295111747505,-0.001559138992626998,0.0021103135379602475,-0.021629604180188878,-0.09495995146059999,0.01197777798265588,7.412839407401153e-05,-0.0016640715034733275,0.028524209652741175,0.00616403790788801,0.002579634995644395,0.0019412257879907835,-0.005159411541017944,0.00017651051334698396,0.0,-4.5466157227416035e-06
