outcome,state_rep,action_rep,cate_estimator,p_wins,prop_lb,AUTOC_val_t0,AUTOC_se_val_t0,AUTOC_val_t1,AUTOC_se_val_t1,AUTOC_val_t2,AUTOC_se_val_t2,AUTOC_test_t0,AUTOC_se_test_t0,AUTOC_test_t1,AUTOC_se_test_t1,AUTOC_test_t2,AUTOC_se_test_t2,lp_very_low_7dr,lp_low_7dr,lp_in_range_7dr,lp_g_7dr,lp_using_pump,lp_in_range_7dr_7d_delta,lp_large_tir_drop,lp_low_tir,lp_lows,lp_very_lows,lp_pop_4T_1,lp_pop_4T_2,lp_pop_TIPS
delta_in_range_fw_7d,TIDE,Clustered Embeddings (2),CF,0.05,0.01,-0.00034611714390278455,0.001942217666764711,0.0013441426768088863,0.0022306493132109293,0.0049248785005499875,0.0020583822530758707,0.0018440307890809813,0.002059930988597789,-0.0008532608487604676,0.0023041264624044343,0.0023937308453067453,0.0021304097795176776,-0.07154232578645145,-0.015800912851728948,0.0072743676203631145,7.335581552980045e-05,-0.001762499781071138,0.021701046581860645,0.00734945422277023,-0.0002557557887780286,-0.0007287646736371942,-0.004783284573562037,-0.0003312045025060693,0.0,0.0005340698560030174
