outcome,state_rep,action_rep,cate_estimator,p_wins,prop_lb,AUTOC_val_t0,AUTOC_se_val_t0,AUTOC_val_t1,AUTOC_se_val_t1,AUTOC_val_t2,AUTOC_se_val_t2,AUTOC_test_t0,AUTOC_se_test_t0,AUTOC_test_t1,AUTOC_se_test_t1,AUTOC_test_t2,AUTOC_se_test_t2,lp_very_low_7dr,lp_low_7dr,lp_in_range_7dr,lp_g_7dr,lp_using_pump,lp_in_range_7dr_7d_delta,lp_large_tir_drop,lp_low_tir,lp_lows,lp_very_lows,lp_pop_4T_1,lp_pop_4T_2,lp_pop_TIPS
delta_in_range_fw_7d,TIDE,Clustered Embeddings (2),SLearner,0.05,0.01,0.0017558999431587581,0.0019694695065530714,0.0023621402960173534,0.0022672229992145346,0.0032025691221622575,0.0021279777185328193,0.008446513832071678,0.0019443442491465992,-0.000596312037169751,0.0023016713749806073,0.004673955779713756,0.0020848398662321977,0.007820081347300388,-0.045806668901670976,0.004136690465275548,2.3053096065278214e-05,-0.002089933738810371,0.03316114473467994,0.005462695653665619,0.002533991266050437,-0.00045034731437438886,-0.001592686137480355,0.0005352149137274531,0.0,-0.0010400411498986562
