outcome,state_rep,action_rep,cate_estimator,p_wins,prop_lb,AUTOC_val_t0,AUTOC_se_val_t0,AUTOC_val_t1,AUTOC_se_val_t1,AUTOC_val_t2,AUTOC_se_val_t2,AUTOC_test_t0,AUTOC_se_test_t0,AUTOC_test_t1,AUTOC_se_test_t1,AUTOC_test_t2,AUTOC_se_test_t2,lp_very_low_7dr,lp_low_7dr,lp_in_range_7dr,lp_g_7dr,lp_using_pump,lp_in_range_7dr_7d_delta,lp_large_tir_drop,lp_low_tir,lp_lows,lp_very_lows,lp_pop_4T_1,lp_pop_4T_2,lp_pop_TIPS
delta_in_range_fw_7d,TIDE,Clustered Embeddings (2),XLearner,0.05,0.01,-0.0032921794604731224,0.0020117928566245023,-0.0005343047216183815,0.002206946589823208,0.0005955460177854832,0.002138218223301266,-0.000463930905764288,0.001921662224052211,7.798627606813765e-05,0.002317483197007652,-0.00026770136669956564,0.0021516617839543633,0.05303212444260896,-0.023379747473771886,0.012390911800946636,7.521180092701389e-05,-0.0030340452269158893,0.03566146807039953,0.013102710856069424,0.00036348009929112394,0.0007481881304527606,-0.006979251030570358,0.0009452170508542053,0.0,-1.6433872209886066e-05
