outcome,state_rep,action_rep,cate_estimator,p_wins,prop_lb,AUTOC_val_t1,AUTOC_val_t2,AUTOC_val_t3,AUTOC_val_t4,AUTOC_se_val_t1,AUTOC_se_val_t2,AUTOC_se_val_t3,AUTOC_se_val_t4,AUTOC_test_t1,AUTOC_test_t2,AUTOC_test_t3,AUTOC_test_t4,AUTOC_se_test_t1,AUTOC_se_test_t2,AUTOC_se_test_t3,AUTOC_se_test_t4
delta_in_range_fw_7d,TIDE,Expert,Ensemble,0.05,0.01,0.006222412750083337,0.004864422199496122,0.00025357034207022924,0.008258979169778347,0.004026556677312445,0.003874204270345903,0.00214061440029611,0.0021201167867250644,0.0044420654301538555,0.013045314863699304,0.0006116448042904722,0.006931199332162121,0.0035502995950630395,0.00308554029900343,0.002104088450539352,0.002275076263229823
