outcome,state_rep,action_rep,cate_estimator,p_wins,prop_lb,AUTOC_val_t1,AUTOC_val_t2,AUTOC_val_t3,AUTOC_val_t4,AUTOC_val_t5,AUTOC_se_val_t1,AUTOC_se_val_t2,AUTOC_se_val_t3,AUTOC_se_val_t4,AUTOC_se_val_t5,AUTOC_test_t1,AUTOC_test_t2,AUTOC_test_t3,AUTOC_test_t4,AUTOC_test_t5,AUTOC_se_test_t1,AUTOC_se_test_t2,AUTOC_se_test_t3,AUTOC_se_test_t4,AUTOC_se_test_t5
delta_in_range_fw_7d,TIDE,Expert v3,TLearner,0.05,0.01,0.00930009237782059,0.016627396479134554,0.027523084466093004,0.00020038975714027206,0.021898181934455963,0.0031915685534864863,0.0024849757776147893,0.0013983882978969434,0.002309980072172558,0.0020226318452125198,0.01077614560133713,0.012613915089599928,0.02528143450692427,0.00011416977514200074,0.01713149493139702,0.003494967810845458,0.0033583721753731835,0.001418188935779957,0.0017419949917684586,0.0023554013611612338
