outcome,state_rep,action_rep,cate_estimator,p_wins,prop_lb,AUTOC_val_t1,AUTOC_val_t2,AUTOC_val_t3,AUTOC_val_t4,AUTOC_se_val_t1,AUTOC_se_val_t2,AUTOC_se_val_t3,AUTOC_se_val_t4,AUTOC_test_t1,AUTOC_test_t2,AUTOC_test_t3,AUTOC_test_t4,AUTOC_se_test_t1,AUTOC_se_test_t2,AUTOC_se_test_t3,AUTOC_se_test_t4
delta_in_range_fw_7d,TIDE,Expert v2,SLearner,0.05,0.01,0.012473412767268972,0.005587207160335744,0.0007672448479561453,0.006821328688988966,0.0017534508431839462,0.003111368249856316,0.0016216994658100608,0.0021374327380265833,0.012082515058593066,0.008144424616951052,-0.00019622266283661455,0.006649823658335892,0.0018218761744922534,0.0024244248779623683,0.00220951393021394,0.0018706593762006225
