outcome,state_rep,action_rep,cate_estimator,p_wins,prop_lb,AUTOC_val_t1,AUTOC_val_t2,AUTOC_val_t3,AUTOC_val_t4,AUTOC_val_t5,AUTOC_se_val_t1,AUTOC_se_val_t2,AUTOC_se_val_t3,AUTOC_se_val_t4,AUTOC_se_val_t5,AUTOC_test_t1,AUTOC_test_t2,AUTOC_test_t3,AUTOC_test_t4,AUTOC_test_t5,AUTOC_se_test_t1,AUTOC_se_test_t2,AUTOC_se_test_t3,AUTOC_se_test_t4,AUTOC_se_test_t5
delta_in_range_fw_7d,TIDE,Expert v3,XLearner,0.05,0.01,-0.0015364232071875554,0.004288831547246659,0.017674580090896348,0.00257829872388246,0.011283756130022773,0.0033854167377593836,0.0022866677852238873,0.0014948748139451294,0.0018504580416088112,0.0022927979151393958,0.002627346130416802,0.001434069402775474,0.014543130158660954,-0.00010280822265289132,0.008759803010316584,0.003672506351825951,0.0031191021570297476,0.001616858576416811,0.002082761638502605,0.0022946307580766602
