outcome,state_rep,action_rep,cate_estimator,p_wins,prop_lb,AUTOC_val_t1,AUTOC_val_t2,AUTOC_se_val_t1,AUTOC_se_val_t2,AUTOC_test_t1,AUTOC_test_t2,AUTOC_se_test_t1,AUTOC_se_test_t2
delta_in_range_fw_7d,TIDE,Binary (any),TLearner,0.05,0.01,-6.227301638060537e-05,-6.227301638060537e-05,0.0017893102061100335,0.0017893102061100335,-1.0728284267505688e-05,-1.0728284267505688e-05,0.0016966749806700027,0.0016966749806700027
