outcome,state_rep,action_rep,cate_estimator,p_wins,prop_lb,AUTOC_val_t1,AUTOC_val_t2,AUTOC_val_t3,AUTOC_val_t4,AUTOC_se_val_t1,AUTOC_se_val_t2,AUTOC_se_val_t3,AUTOC_se_val_t4,AUTOC_test_t1,AUTOC_test_t2,AUTOC_test_t3,AUTOC_test_t4,AUTOC_se_test_t1,AUTOC_se_test_t2,AUTOC_se_test_t3,AUTOC_se_test_t4
delta_in_range_fw_7d,TIDE,Expert,TLearner,0.05,0.01,0.014894991381547,0.008895059164476095,-0.0002999653233492901,0.009264747776566835,0.003146388000787743,0.00300524563422124,0.00249868044765525,0.002303164677607197,0.011787664695028264,0.015768657675174356,0.0012259391184072804,0.011536195766096522,0.0039036720588892498,0.003347382104199658,0.0019396042330731317,0.002719493787475395
