outcome,state_rep,action_rep,cate_estimator,p_wins,prop_lb,AUTOC_val_t1,AUTOC_val_t2,AUTOC_val_t3,AUTOC_val_t4,AUTOC_val_t5,AUTOC_se_val_t1,AUTOC_se_val_t2,AUTOC_se_val_t3,AUTOC_se_val_t4,AUTOC_se_val_t5,AUTOC_test_t1,AUTOC_test_t2,AUTOC_test_t3,AUTOC_test_t4,AUTOC_test_t5,AUTOC_se_test_t1,AUTOC_se_test_t2,AUTOC_se_test_t3,AUTOC_se_test_t4,AUTOC_se_test_t5
delta_in_range_fw_7d,TIDE,Expert v3,CF,0.05,0.01,-0.0027492820293719975,0.00441371099480899,0.014469247783208891,0.0006018983917190745,0.014921978644400086,0.002949046914634145,0.002251751716192068,0.0014149064178803103,0.002061002547329641,0.0017648086936186982,0.0011196810724570657,0.0009296246483802417,0.012390363158807996,0.001162598534341276,0.01182074561131761,0.003066600389155461,0.0031352290416214483,0.00181891065502258,0.0022528327082761705,0.0015963573926517096
