outcome,state_rep,action_rep,cate_estimator,p_wins,prop_lb,AUTOC_val_t1,AUTOC_val_t2,AUTOC_val_t3,AUTOC_val_t4,AUTOC_val_t5,AUTOC_se_val_t1,AUTOC_se_val_t2,AUTOC_se_val_t3,AUTOC_se_val_t4,AUTOC_se_val_t5,AUTOC_test_t1,AUTOC_test_t2,AUTOC_test_t3,AUTOC_test_t4,AUTOC_test_t5,AUTOC_se_test_t1,AUTOC_se_test_t2,AUTOC_se_test_t3,AUTOC_se_test_t4,AUTOC_se_test_t5
delta_in_range_fw_7d,TIDE,Expert v3,Ensemble,0.05,0.01,0.007222687888731933,0.014455746418607102,0.026589302821220743,0.0008689338644405265,0.020391357521865522,0.0029662853889386885,0.002381405927438767,0.0015126392161531157,0.0021568221480119136,0.0020214283241275464,0.009172931147854876,0.010767559986963767,0.02437372929841749,0.00039472160041343507,0.01636059685804389,0.003599891592988548,0.0033974155440942757,0.0013888889049309362,0.0020341970295122123,0.0025406293616114933
