outcome,state_rep,action_rep,cate_estimator,p_wins,prop_lb,AUTOC_val_t1,AUTOC_val_t2,AUTOC_val_t3,AUTOC_val_t4,AUTOC_val_t5,AUTOC_se_val_t1,AUTOC_se_val_t2,AUTOC_se_val_t3,AUTOC_se_val_t4,AUTOC_se_val_t5,AUTOC_test_t1,AUTOC_test_t2,AUTOC_test_t3,AUTOC_test_t4,AUTOC_test_t5,AUTOC_se_test_t1,AUTOC_se_test_t2,AUTOC_se_test_t3,AUTOC_se_test_t4,AUTOC_se_test_t5
delta_in_range_fw_7d,TIDE,Expert v3,DRForest,0.05,0.01,-0.00011559170055774948,0.007980625267140013,0.0027349254045994104,0.0006781241452867379,0.0036718450381282076,0.0029020163906529543,0.0025905435584881098,0.001809832656503356,0.001907457498359221,0.00271521391701589,-0.0012484722853650574,0.002487761805112088,0.006397651351773728,0.0005954274107179606,-0.0014047042942081037,0.003659938405322881,0.0029751028236214955,0.0028050533333960704,0.0023089011081296245,0.0030985925604918654
