outcome,state_rep,action_rep,cate_estimator,p_wins,prop_lb,AUTOC_val_t1,AUTOC_val_t2,AUTOC_val_t3,AUTOC_val_t4,AUTOC_se_val_t1,AUTOC_se_val_t2,AUTOC_se_val_t3,AUTOC_se_val_t4,AUTOC_test_t1,AUTOC_test_t2,AUTOC_test_t3,AUTOC_test_t4,AUTOC_se_test_t1,AUTOC_se_test_t2,AUTOC_se_test_t3,AUTOC_se_test_t4
delta_in_range_fw_7d,TIDE,Expert v2,XLearner,0.05,0.01,0.013502894089049111,-0.001364979787392473,0.0036857490703753886,0.012794946267526572,0.0016870138606650449,0.0026573623281095455,0.00166826856302595,0.0021714023837123677,0.012576938431804702,-0.0031583107650436336,0.0006671583486199527,0.007173730982634665,0.0018466143911200707,0.0029245864447823657,0.0021760524105595607,0.0020893913645042253
