outcome,state_rep,action_rep,cate_estimator,p_wins,prop_lb,AUTOC_val_t1,AUTOC_val_t2,AUTOC_se_val_t1,AUTOC_se_val_t2,AUTOC_test_t1,AUTOC_test_t2,AUTOC_se_test_t1,AUTOC_se_test_t2
delta_in_range_fw_7d,TIDE,Binary (any),Ensemble,0.05,0.01,-0.0006272073099037872,-0.0006272073099037872,0.0016106154910109063,0.0016106154910109063,0.001215943272774009,0.001215943272774009,0.0018820506708689174,0.0018820506708689174
