outcome,state_rep,action_rep,cate_estimator,p_wins,prop_lb,AUTOC_val_t1,AUTOC_val_t2,AUTOC_val_t3,AUTOC_val_t4,AUTOC_val_t5,AUTOC_se_val_t1,AUTOC_se_val_t2,AUTOC_se_val_t3,AUTOC_se_val_t4,AUTOC_se_val_t5,AUTOC_test_t1,AUTOC_test_t2,AUTOC_test_t3,AUTOC_test_t4,AUTOC_test_t5,AUTOC_se_test_t1,AUTOC_se_test_t2,AUTOC_se_test_t3,AUTOC_se_test_t4,AUTOC_se_test_t5
delta_in_range_fw_7d,TIDE,Expert v3,SLearner,0.05,0.01,0.0003040028311127726,0.01168187425059721,0.012694818619838413,0.0004319660293281376,0.006170376890560185,0.00348640041404854,0.0028021076862962823,0.0014199267677964295,0.0019443196199535222,0.002114306933450884,0.009061718203057931,0.0102187296423908,0.013218357870720539,0.0017125944276486856,0.008204230132644099,0.003853164963679127,0.0028170030220645926,0.001879632137982455,0.002541940421143065,0.002795342653904705
