outcome,state_rep,action_rep,cate_estimator,p_wins,prop_lb,AUTOC_val_t1,AUTOC_val_t2,AUTOC_val_t3,AUTOC_val_t4,AUTOC_val_t5,AUTOC_se_val_t1,AUTOC_se_val_t2,AUTOC_se_val_t3,AUTOC_se_val_t4,AUTOC_se_val_t5,AUTOC_test_t1,AUTOC_test_t2,AUTOC_test_t3,AUTOC_test_t4,AUTOC_test_t5,AUTOC_se_test_t1,AUTOC_se_test_t2,AUTOC_se_test_t3,AUTOC_se_test_t4,AUTOC_se_test_t5
delta_in_range_fw_7d,TIDE,Clustered Embeddings (4),Ensemble,0.05,0.01,0.006469341985508716,0.009705291677522964,0.023532644517342233,0.00961822314281084,0.015357159852067877,0.002373190023651693,0.0026989636561713113,0.001254911947933794,0.0031928001044689834,0.0025817384374378837,0.010497320052934253,0.009631926247003084,0.025419797731723842,0.0007074627148897559,0.012701672035239012,0.0018712683265157933,0.0034676495590393723,0.0015290707947653518,0.0025827443004294965,0.0024839899871332833
