outcome,state_rep,action_rep,cate_estimator,p_wins,prop_lb,AUTOC_val_t1,AUTOC_val_t2,AUTOC_se_val_t1,AUTOC_se_val_t2,AUTOC_test_t1,AUTOC_test_t2,AUTOC_se_test_t1,AUTOC_se_test_t2
delta_in_range_fw_7d,TIDE,Binary (any),XLearner,0.05,0.01,-0.00032289325903600466,-0.00032289325903600466,0.0015871158860431066,0.0015871158860431066,0.0004471440136199193,0.0004471440136199193,0.0017204471423632366,0.0017204471423632366
