outcome,state_rep,action_rep,cate_estimator,p_wins,prop_lb,AUTOC_val_t1,AUTOC_val_t2,AUTOC_val_t3,AUTOC_val_t4,AUTOC_val_t5,AUTOC_se_val_t1,AUTOC_se_val_t2,AUTOC_se_val_t3,AUTOC_se_val_t4,AUTOC_se_val_t5,AUTOC_test_t1,AUTOC_test_t2,AUTOC_test_t3,AUTOC_test_t4,AUTOC_test_t5,AUTOC_se_test_t1,AUTOC_se_test_t2,AUTOC_se_test_t3,AUTOC_se_test_t4,AUTOC_se_test_t5
delta_in_range_fw_7d,TIDE,Clustered Embeddings (4),DRForest,0.05,0.01,0.0011455654016130868,0.0020107103281376514,0.01116988787555811,0.00462827234592926,0.002886706830025995,0.0022380279467579057,0.00240109264643096,0.001646804520406734,0.0030740027510483894,0.0022965543973631807,0.0007709522436264145,0.003709414186410961,0.01266458809471701,-0.003055712558369077,0.0026603579298191756,0.002177867170883605,0.0038907731246736904,0.0012910859175704358,0.0027961695517187656,0.0029744120909641104
