outcome,state_rep,action_rep,cate_estimator,p_wins,prop_lb,AUTOC_val_t1,AUTOC_val_t2,AUTOC_val_t3,AUTOC_val_t4,AUTOC_val_t5,AUTOC_se_val_t1,AUTOC_se_val_t2,AUTOC_se_val_t3,AUTOC_se_val_t4,AUTOC_se_val_t5,AUTOC_test_t1,AUTOC_test_t2,AUTOC_test_t3,AUTOC_test_t4,AUTOC_test_t5,AUTOC_se_test_t1,AUTOC_se_test_t2,AUTOC_se_test_t3,AUTOC_se_test_t4,AUTOC_se_test_t5
delta_in_range_fw_7d,TIDE,Clustered Embeddings (4),XLearner,0.05,0.01,-0.0023791253188484474,0.0022175711175682665,0.017091366637844763,0.007250602045014933,0.010678234754340852,0.0020779544141590564,0.0024601194739231045,0.0014621900248732284,0.0032340326410392564,0.0025271080330849585,0.002046442393138907,0.004758706119935709,0.01720389724831516,-0.0007812060846298539,0.005652130557529327,0.0021224275379411977,0.0030082285564760353,0.0016647404670288946,0.003598964762906851,0.002521432467222544
