outcome,state_rep,action_rep,cate_estimator,p_wins,prop_lb,AUTOC_val_t1,AUTOC_val_t2,AUTOC_se_val_t1,AUTOC_se_val_t2,AUTOC_test_t1,AUTOC_test_t2,AUTOC_se_test_t1,AUTOC_se_test_t2
delta_in_range_fw_7d,TIDE,Binary (any),CF,0.05,0.01,-0.0006317807451572717,-0.0006317807451572717,0.0015686654834258025,0.0015686654834258025,0.0009257552564660723,0.0009257552564660723,0.0018478667351226972,0.0018478667351226972
