outcome,state_rep,action_rep,cate_estimator,p_wins,prop_lb,AUTOC_val_t1,AUTOC_val_t2,AUTOC_val_t3,AUTOC_val_t4,AUTOC_val_t5,AUTOC_se_val_t1,AUTOC_se_val_t2,AUTOC_se_val_t3,AUTOC_se_val_t4,AUTOC_se_val_t5,AUTOC_test_t1,AUTOC_test_t2,AUTOC_test_t3,AUTOC_test_t4,AUTOC_test_t5,AUTOC_se_test_t1,AUTOC_se_test_t2,AUTOC_se_test_t3,AUTOC_se_test_t4,AUTOC_se_test_t5
delta_in_range_fw_7d,TIDE,Clustered Embeddings (4),SLearner,0.05,0.01,0.003299351022174906,0.009037766744186566,0.011176307741632932,0.0031581889808396245,0.007169630615859402,0.002830773333355787,0.002420768445539959,0.0012672969274901604,0.002632768255697087,0.002253205617833849,0.010180743613098115,0.0064196700608174576,0.012338437082075035,0.004342462122019827,0.01075722271684023,0.0020066679688006987,0.0034365008245641187,0.0011106021112001732,0.0027947944433524686,0.0017880350324019048
