outcome,state_rep,action_rep,cate_estimator,p_wins,prop_lb,AUTOC_val_t1,AUTOC_val_t2,AUTOC_val_t3,AUTOC_val_t4,AUTOC_val_t5,AUTOC_se_val_t1,AUTOC_se_val_t2,AUTOC_se_val_t3,AUTOC_se_val_t4,AUTOC_se_val_t5,AUTOC_test_t1,AUTOC_test_t2,AUTOC_test_t3,AUTOC_test_t4,AUTOC_test_t5,AUTOC_se_test_t1,AUTOC_se_test_t2,AUTOC_se_test_t3,AUTOC_se_test_t4,AUTOC_se_test_t5
delta_in_range_fw_7d,TIDE,Clustered Embeddings (4),TLearner,0.05,0.01,0.009400096300564346,0.011660686116955896,0.024533623244917035,0.01094378053691309,0.018304364660583525,0.0025684503625413545,0.002994424239195072,0.001308799767901622,0.003165231371747543,0.002529522229902141,0.012028646872733752,0.010805814653123986,0.026623138159892173,0.00012158683365416896,0.014361684297693928,0.0018258629390411505,0.0036829222807394477,0.0014301815339318516,0.0028434131922098916,0.0024782920645087677
