outcome,state_rep,action_rep,cate_estimator,p_wins,prop_lb,AUTOC_val_t1,AUTOC_val_t2,AUTOC_val_t3,AUTOC_val_t4,AUTOC_se_val_t1,AUTOC_se_val_t2,AUTOC_se_val_t3,AUTOC_se_val_t4,AUTOC_test_t1,AUTOC_test_t2,AUTOC_test_t3,AUTOC_test_t4,AUTOC_se_test_t1,AUTOC_se_test_t2,AUTOC_se_test_t3,AUTOC_se_test_t4
delta_in_range_fw_7d,TIDE,Expert,CF,0.05,0.01,0.0033737810502704633,-0.0013455259517183697,-0.0006530919355471023,0.0039845148699776504,0.002615077780350173,0.003395792204389988,0.0025622950138283213,0.002664385390403959,-0.0024157568726020867,0.0079185869320142,0.001041121621627757,0.0008355312628667413,0.0031745681672829254,0.0027913516122645998,0.0022505138451055814,0.0025559252984364484
