outcome,state_rep,action_rep,cate_estimator,p_wins,prop_lb,AUTOC_val_t1,AUTOC_val_t2,AUTOC_se_val_t1,AUTOC_se_val_t2,AUTOC_test_t1,AUTOC_test_t2,AUTOC_se_test_t1,AUTOC_se_test_t2
delta_in_range_fw_7d,TIDE,Binary (any),DRForest,0.05,0.01,-0.0009458953628497519,-0.0009458953628497519,0.0016266814471108029,0.0016266814471108029,0.0011738788605297288,0.0011738788605297288,0.001836018654929745,0.001836018654929745
