outcome,state_rep,action_rep,cate_estimator,p_wins,prop_lb,AUTOC_val_t1,AUTOC_val_t2,AUTOC_val_t3,AUTOC_val_t4,AUTOC_val_t5,AUTOC_se_val_t1,AUTOC_se_val_t2,AUTOC_se_val_t3,AUTOC_se_val_t4,AUTOC_se_val_t5,AUTOC_test_t1,AUTOC_test_t2,AUTOC_test_t3,AUTOC_test_t4,AUTOC_test_t5,AUTOC_se_test_t1,AUTOC_se_test_t2,AUTOC_se_test_t3,AUTOC_se_test_t4,AUTOC_se_test_t5
delta_in_range_fw_7d,TIDE,Clustered Embeddings (4),CF,0.05,0.01,-0.0016696206917397218,0.0044781253834302245,0.009027628588927606,0.006934575086077372,0.006375150682669929,0.002418261148984895,0.0026889141862836458,0.0013033927569276787,0.002762132070568229,0.0018227187891021856,0.003675444609102066,0.0006457485546448153,0.012503576883281948,8.564236456951058e-05,0.003410580822937348,0.0023908887380844433,0.004225775322010105,0.001577514249109403,0.003221182697057857,0.0022967165502168446
