outcome,state_rep,action_rep,cate_estimator,p_wins,prop_lb,AUTOC_val_t1,AUTOC_val_t2,AUTOC_se_val_t1,AUTOC_se_val_t2,AUTOC_test_t1,AUTOC_test_t2,AUTOC_se_test_t1,AUTOC_se_test_t2
delta_in_range_fw_7d,TIDE,Binary (any),SLearner,0.05,0.01,-0.0007132542938470661,-0.0007132542938470661,0.0016119091316753003,0.0016119091316753003,0.001145100534461024,0.001145100534461024,0.0017339493030802797,0.0017339493030802797
