outcome,state_rep,action_rep,cate_estimator,p_wins,prop_lb,AUTOC_val_t1,AUTOC_val_t2,AUTOC_val_t3,AUTOC_val_t4,AUTOC_se_val_t1,AUTOC_se_val_t2,AUTOC_se_val_t3,AUTOC_se_val_t4,AUTOC_test_t1,AUTOC_test_t2,AUTOC_test_t3,AUTOC_test_t4,AUTOC_se_test_t1,AUTOC_se_test_t2,AUTOC_se_test_t3,AUTOC_se_test_t4
delta_in_range_fw_7d,Raw (UMAP),Expert,Ensemble,0.05,0.01,-0.0004036959589182857,-0.0036850638503800196,0.0040156996952002725,0.00030707905591614626,0.0026088748623730377,0.002901352096471903,0.0017449528915553787,0.0027291852364321133,-0.0013972683872918075,0.001251754278833606,-0.0008569680263367967,-0.001125707628592234,0.003760648088476884,0.0026201133499584835,0.0018637046452941108,0.0035900477120345735
