outcome,state_rep,action_rep,cate_estimator,p_wins,prop_lb,AUTOC_val_t1,AUTOC_val_t2,AUTOC_val_t3,AUTOC_val_t4,AUTOC_se_val_t1,AUTOC_se_val_t2,AUTOC_se_val_t3,AUTOC_se_val_t4,AUTOC_test_t1,AUTOC_test_t2,AUTOC_test_t3,AUTOC_test_t4,AUTOC_se_test_t1,AUTOC_se_test_t2,AUTOC_se_test_t3,AUTOC_se_test_t4
delta_in_range_fw_7d,Raw (UMAP),Expert,DRForest,0.05,0.01,-0.0038442416285075017,-0.0024166572573159177,0.0023366721655574026,-0.00022180421572173326,0.003082677600783014,0.00262068598006896,0.0016888389479857314,0.0025503161637778575,0.0016424268235771975,0.003991088269855976,0.001254875822958688,0.00644336304669878,0.003472932885652723,0.0026795197511005394,0.0021933806798763063,0.0034670619652729636
