outcome,state_rep,action_rep,cate_estimator,p_wins,prop_lb,AUTOC_val_t1,AUTOC_val_t2,AUTOC_val_t3,AUTOC_val_t4,AUTOC_se_val_t1,AUTOC_se_val_t2,AUTOC_se_val_t3,AUTOC_se_val_t4,AUTOC_test_t1,AUTOC_test_t2,AUTOC_test_t3,AUTOC_test_t4,AUTOC_se_test_t1,AUTOC_se_test_t2,AUTOC_se_test_t3,AUTOC_se_test_t4
delta_in_range_fw_7d,Raw (UMAP),Expert,CF,0.05,0.01,-0.00040748301989845673,-0.0034218904168612577,0.004110916684338423,0.0005435284714344214,0.0027216410722295382,0.0030187743702485854,0.001577494119860341,0.0027436786887963536,-0.0013292461712493527,0.0011115727644805816,-0.0007862627118972238,-0.001007341363388315,0.003843242293009882,0.0025734405110004813,0.001912846154358253,0.0037282241862239694
