outcome,state_rep,action_rep,cate_estimator,p_wins,prop_lb,AUTOC_val_t1,AUTOC_val_t2,AUTOC_val_t3,AUTOC_val_t4,AUTOC_se_val_t1,AUTOC_se_val_t2,AUTOC_se_val_t3,AUTOC_se_val_t4,AUTOC_test_t1,AUTOC_test_t2,AUTOC_test_t3,AUTOC_test_t4,AUTOC_se_test_t1,AUTOC_se_test_t2,AUTOC_se_test_t3,AUTOC_se_test_t4
delta_in_range_fw_7d,Raw (UMAP),Expert v2,CF,0.05,0.01,0.0010343873425599215,-0.003187537858160196,0.005455397458851164,0.0039391923060157754,0.0017393299691971255,0.0025127582711790618,0.0016729404547855898,0.0017736064007502648,0.0025795403909255167,-0.0005708859161873983,-0.002457691093784643,0.003968666629081751,0.0018012153048771447,0.0020782867015239678,0.001732962278910822,0.0016254909802706054
