outcome,state_rep,action_rep,cate_estimator,p_wins,prop_lb,AUTOC_val_t1,AUTOC_val_t2,AUTOC_val_t3,AUTOC_val_t4,AUTOC_se_val_t1,AUTOC_se_val_t2,AUTOC_se_val_t3,AUTOC_se_val_t4,AUTOC_test_t1,AUTOC_test_t2,AUTOC_test_t3,AUTOC_test_t4,AUTOC_se_test_t1,AUTOC_se_test_t2,AUTOC_se_test_t3,AUTOC_se_test_t4
delta_in_range_fw_7d,Raw (UMAP),Expert v2,TLearner,0.05,0.01,-0.0004850419257539287,-0.0035797594187688474,0.003087824644164616,-0.0009149164411171751,0.0018374424856036947,0.002270704109783661,0.0019351879267705994,0.002137823043674744,0.003244623581028196,0.00020149813525783254,-0.0013946294692417812,-0.003396122800043134,0.0015859303033150872,0.0022222461069021406,0.0021262696159906167,0.0026148067070988234
