outcome,state_rep,action_rep,cate_estimator,p_wins,prop_lb,AUTOC_val_t1,AUTOC_val_t2,AUTOC_val_t3,AUTOC_val_t4,AUTOC_se_val_t1,AUTOC_se_val_t2,AUTOC_se_val_t3,AUTOC_se_val_t4,AUTOC_test_t1,AUTOC_test_t2,AUTOC_test_t3,AUTOC_test_t4,AUTOC_se_test_t1,AUTOC_se_test_t2,AUTOC_se_test_t3,AUTOC_se_test_t4
delta_in_range_fw_7d,Raw (UMAP),Expert,XLearner,0.05,0.01,-0.001534118960047759,-0.006024273887975974,0.0034612369242507154,-0.00024970349371120114,0.00272994730080514,0.0025878052616228084,0.0016284580092630547,0.0027917699687487543,0.0010804752141198512,0.002680860431824412,0.0020288011397597405,-0.00036396513289979724,0.0035130856877277337,0.002527815175770204,0.0019876884976713404,0.0025753476142659814
