outcome,state_rep,action_rep,cate_estimator,p_wins,prop_lb,AUTOC_val_t1,AUTOC_val_t2,AUTOC_val_t3,AUTOC_val_t4,AUTOC_se_val_t1,AUTOC_se_val_t2,AUTOC_se_val_t3,AUTOC_se_val_t4,AUTOC_test_t1,AUTOC_test_t2,AUTOC_test_t3,AUTOC_test_t4,AUTOC_se_test_t1,AUTOC_se_test_t2,AUTOC_se_test_t3,AUTOC_se_test_t4
delta_in_range_fw_7d,Raw (UMAP),Expert v2,DRForest,0.05,0.01,-0.00045761733773786985,-0.003584724633190853,0.004863450510923805,-0.0033202109452768976,0.0019344198780498845,0.002523548792121838,0.001877409374097355,0.0024447618835274406,0.002620550130439705,0.0029660082535890283,0.0009808717804922656,0.0009827869328291312,0.002416038358841871,0.0019625940280220714,0.002123118406219282,0.0020988355256297145
