outcome,state_rep,action_rep,cate_estimator,p_wins,prop_lb,AUTOC_val_t1,AUTOC_val_t2,AUTOC_val_t3,AUTOC_val_t4,AUTOC_se_val_t1,AUTOC_se_val_t2,AUTOC_se_val_t3,AUTOC_se_val_t4,AUTOC_test_t1,AUTOC_test_t2,AUTOC_test_t3,AUTOC_test_t4,AUTOC_se_test_t1,AUTOC_se_test_t2,AUTOC_se_test_t3,AUTOC_se_test_t4
delta_in_range_fw_7d,Raw (UMAP),Expert,TLearner,0.05,0.01,0.0005723610422841386,-0.006824043642469543,0.0019869691162406273,-0.0013913735452310777,0.0033037396618871397,0.0029461974472283423,0.001869080235779009,0.002514864578488367,0.0062723498715359085,0.002070740153020077,-1.6360640734918406e-05,0.0036181535709771478,0.0034884072945599977,0.0022736998694326974,0.0021374383383796045,0.003596136696328161
