outcome,state_rep,action_rep,cate_estimator,p_wins,prop_lb,AUTOC_val_t1,AUTOC_val_t2,AUTOC_val_t3,AUTOC_val_t4,AUTOC_se_val_t1,AUTOC_se_val_t2,AUTOC_se_val_t3,AUTOC_se_val_t4,AUTOC_test_t1,AUTOC_test_t2,AUTOC_test_t3,AUTOC_test_t4,AUTOC_se_test_t1,AUTOC_se_test_t2,AUTOC_se_test_t3,AUTOC_se_test_t4
delta_in_range_fw_7d,Raw (UMAP),Expert,SLearner,0.05,0.01,0.000474725268016985,-0.005894553385362065,0.0020204314705865195,-0.0039452756689681645,0.0032631656415608792,0.0026061451002768288,0.0017285842932151516,0.0028600567909964326,0.0057894636433394,0.002169793896529471,-0.001324528707849988,0.0011027760003636086,0.003099178793879772,0.0024239458192265827,0.0020005279218721908,0.003001922291326783
