outcome,state_rep,action_rep,cate_estimator,p_wins,prop_lb,AUTOC_val_t1,AUTOC_val_t2,AUTOC_val_t3,AUTOC_val_t4,AUTOC_se_val_t1,AUTOC_se_val_t2,AUTOC_se_val_t3,AUTOC_se_val_t4,AUTOC_test_t1,AUTOC_test_t2,AUTOC_test_t3,AUTOC_test_t4,AUTOC_se_test_t1,AUTOC_se_test_t2,AUTOC_se_test_t3,AUTOC_se_test_t4
delta_in_range_fw_7d,Raw (UMAP),Expert v2,Ensemble,0.05,0.01,-0.0008615679277404922,-0.0039873621937756305,0.003995837473922803,-0.0027963569337215374,0.002401714912103786,0.0022967801424463546,0.0016061043275357163,0.0024873663595731356,0.003309508129191319,0.0008884677479193632,-0.001249837132385801,-0.005814174797535252,0.002330121039105826,0.0019700356987226225,0.0019040894240167025,0.002771755118357649
