outcome,state_rep,action_rep,cate_estimator,p_wins,prop_lb,AUTOC_val_t1,AUTOC_val_t2,AUTOC_val_t3,AUTOC_val_t4,AUTOC_se_val_t1,AUTOC_se_val_t2,AUTOC_se_val_t3,AUTOC_se_val_t4,AUTOC_test_t1,AUTOC_test_t2,AUTOC_test_t3,AUTOC_test_t4,AUTOC_se_test_t1,AUTOC_se_test_t2,AUTOC_se_test_t3,AUTOC_se_test_t4
delta_in_range_fw_7d,TIDE,Expert,DRForest,0.05,0.01,0.005423055048435236,-0.0006245101331195073,-0.0006971626127156938,0.005816354602449864,0.0029315074049989535,0.0024578313232116035,0.0023937763333665408,0.00268940432811098,0.003789774400040054,0.006602977324768828,0.0020299242917527697,0.0019439046285645292,0.003540084180680711,0.0026453101680296324,0.002274642554132288,0.0022282287423094622
