outcome,state_rep,action_rep,cate_estimator,p_wins,prop_lb,AUTOC_val_t1,AUTOC_val_t2,AUTOC_se_val_t1,AUTOC_se_val_t2,AUTOC_test_t1,AUTOC_test_t2,AUTOC_se_test_t1,AUTOC_se_test_t2
delta_in_range_fw_7d,Raw (UMAP),Binary (any),Ensemble,0.05,0.01,4.1601570938128674e-05,4.1601570938128674e-05,0.0013975031396359994,0.0013975031396359994,-0.0006875433132843033,-0.0006875433132843033,0.0013530919057613644,0.0013530919057613644
