outcome,state_rep,action_rep,cate_estimator,p_wins,prop_lb,AUTOC_val_t1,AUTOC_val_t2,AUTOC_val_t3,AUTOC_val_t4,AUTOC_val_t5,AUTOC_se_val_t1,AUTOC_se_val_t2,AUTOC_se_val_t3,AUTOC_se_val_t4,AUTOC_se_val_t5,AUTOC_test_t1,AUTOC_test_t2,AUTOC_test_t3,AUTOC_test_t4,AUTOC_test_t5,AUTOC_se_test_t1,AUTOC_se_test_t2,AUTOC_se_test_t3,AUTOC_se_test_t4,AUTOC_se_test_t5
delta_in_range_fw_7d,Raw (UMAP),Expert v3,TLearner,0.05,0.01,-0.006624094871317397,-0.0009795666186454722,-0.0001726983007250934,0.0032012811395083357,-0.0033919295942729678,0.0028703139609254293,0.002909857563844323,0.0016935370385215184,0.0018508013507801257,0.0024017740172603066,0.003609844276982967,-0.0011393249491195917,0.0033984274408109805,-0.0011469303852256708,0.000789453531643065,0.0033166156573699525,0.0031695433011556915,0.0018665803182004938,0.0021489399740856332,0.0033485975732588
