outcome,state_rep,action_rep,cate_estimator,p_wins,prop_lb,AUTOC_val_t1,AUTOC_val_t2,AUTOC_val_t3,AUTOC_val_t4,AUTOC_se_val_t1,AUTOC_se_val_t2,AUTOC_se_val_t3,AUTOC_se_val_t4,AUTOC_test_t1,AUTOC_test_t2,AUTOC_test_t3,AUTOC_test_t4,AUTOC_se_test_t1,AUTOC_se_test_t2,AUTOC_se_test_t3,AUTOC_se_test_t4
delta_in_range_fw_7d,TIDE,Expert,XLearner,0.05,0.01,0.0024378240269231103,-0.0003079995665995787,0.00016430197927896448,0.000543162883146574,0.002835384210140646,0.0027083883149793702,0.0022610689026530684,0.0023660160118855675,-0.0016763804302602772,0.0050072855756680855,0.0025534641380896054,0.001046256132278787,0.003230796588452734,0.0026338975344852873,0.001865461181971751,0.0022214432523119656
