outcome,state_rep,action_rep,cate_estimator,p_wins,prop_lb,AUTOC_val_t1,AUTOC_val_t2,AUTOC_se_val_t1,AUTOC_se_val_t2,AUTOC_test_t1,AUTOC_test_t2,AUTOC_se_test_t1,AUTOC_se_test_t2
delta_in_range_fw_7d,Raw (UMAP),Binary (any),TLearner,0.05,0.01,-0.00034118043686137277,-0.00034118043686137277,0.0014567994220124195,0.0014567994220124195,0.0007926487947219112,0.0007926487947219112,0.001433248346479044,0.001433248346479044
