outcome,state_rep,action_rep,cate_estimator,p_wins,prop_lb,AUTOC_val_t1,AUTOC_val_t2,AUTOC_val_t3,AUTOC_val_t4,AUTOC_val_t5,AUTOC_se_val_t1,AUTOC_se_val_t2,AUTOC_se_val_t3,AUTOC_se_val_t4,AUTOC_se_val_t5,AUTOC_test_t1,AUTOC_test_t2,AUTOC_test_t3,AUTOC_test_t4,AUTOC_test_t5,AUTOC_se_test_t1,AUTOC_se_test_t2,AUTOC_se_test_t3,AUTOC_se_test_t4,AUTOC_se_test_t5
delta_in_range_fw_7d,Raw (UMAP),Expert v3,XLearner,0.05,0.01,-0.006339469902085797,-0.00484807232515594,-0.0002225063653307654,0.005401761564164969,-0.0021419753210852113,0.0027888154035215365,0.0025059504086393926,0.00205152959339771,0.0015168028797566749,0.00258881526872892,0.0017367957049774115,-0.005480565481099048,0.003142893980222203,-0.0002575143193409769,-0.0001701717107213915,0.0033400394596361425,0.0036239508212976704,0.0016473347395677207,0.0019856848507676284,0.003424283958078144
