outcome,state_rep,action_rep,cate_estimator,p_wins,prop_lb,AUTOC_val_t1,AUTOC_val_t2,AUTOC_val_t3,AUTOC_val_t4,AUTOC_val_t5,AUTOC_se_val_t1,AUTOC_se_val_t2,AUTOC_se_val_t3,AUTOC_se_val_t4,AUTOC_se_val_t5,AUTOC_test_t1,AUTOC_test_t2,AUTOC_test_t3,AUTOC_test_t4,AUTOC_test_t5,AUTOC_se_test_t1,AUTOC_se_test_t2,AUTOC_se_test_t3,AUTOC_se_test_t4,AUTOC_se_test_t5
delta_in_range_fw_7d,Raw (UMAP),Expert v3,SLearner,0.05,0.01,-0.006795839925020337,-0.0010793815879531388,0.00202080907326677,0.0028310527172870272,-0.003994893682082041,0.002820710120257556,0.0027838538058886555,0.0018763530902306794,0.0015812206169876213,0.002997930952008803,0.00441355124394032,-0.002824315741464899,0.006033870678551494,-0.0028420837774488367,0.00035567355937891204,0.0029261195452863955,0.0031557031323505226,0.0026718053458829375,0.0020827130994818684,0.0031813629366505194
