outcome,state_rep,action_rep,cate_estimator,p_wins,prop_lb,AUTOC_val_t1,AUTOC_val_t2,AUTOC_val_t3,AUTOC_val_t4,AUTOC_val_t5,AUTOC_se_val_t1,AUTOC_se_val_t2,AUTOC_se_val_t3,AUTOC_se_val_t4,AUTOC_se_val_t5,AUTOC_test_t1,AUTOC_test_t2,AUTOC_test_t3,AUTOC_test_t4,AUTOC_test_t5,AUTOC_se_test_t1,AUTOC_se_test_t2,AUTOC_se_test_t3,AUTOC_se_test_t4,AUTOC_se_test_t5
delta_in_range_fw_7d,Raw (UMAP),Expert v3,DRForest,0.05,0.01,-0.004272285490945227,0.0017241820840585616,-0.0052115230577335775,0.0020190062945923152,-0.0013682156351353802,0.002648913400213485,0.003042055758599678,0.002026547825669028,0.001900382440859608,0.00264102156099908,0.007166023712922124,0.0022020542856737288,-0.00481892906817999,0.0009055118342601565,0.0014776842386831617,0.0028412756834859817,0.0032256508384735007,0.0020300735630601027,0.002157780938188854,0.003252767906515471
