outcome,state_rep,action_rep,cate_estimator,p_wins,prop_lb,AUTOC_val_t1,AUTOC_val_t2,AUTOC_val_t3,AUTOC_val_t4,AUTOC_val_t5,AUTOC_se_val_t1,AUTOC_se_val_t2,AUTOC_se_val_t3,AUTOC_se_val_t4,AUTOC_se_val_t5,AUTOC_test_t1,AUTOC_test_t2,AUTOC_test_t3,AUTOC_test_t4,AUTOC_test_t5,AUTOC_se_test_t1,AUTOC_se_test_t2,AUTOC_se_test_t3,AUTOC_se_test_t4,AUTOC_se_test_t5
delta_in_range_fw_7d,Raw (UMAP),Expert v3,CF,0.05,0.01,-0.004459642190245986,-0.0030143650474142823,0.001976011288824426,0.005188593586091143,0.003810218885569415,0.003281993818647116,0.002446706373240206,0.0015706242498362887,0.0018349575818552037,0.00220485438558676,-4.886428654005791e-05,-0.0032648634595876724,0.0028888387125170843,-0.002018126443829527,0.0038525871517488897,0.0031987228034250034,0.0035977853810221366,0.0016232023910306447,0.001843378972753679,0.002290023279961507
