outcome,state_rep,action_rep,cate_estimator,p_wins,prop_lb,AUTOC_val_t1,AUTOC_val_t2,AUTOC_val_t3,AUTOC_val_t4,AUTOC_se_val_t1,AUTOC_se_val_t2,AUTOC_se_val_t3,AUTOC_se_val_t4,AUTOC_test_t1,AUTOC_test_t2,AUTOC_test_t3,AUTOC_test_t4,AUTOC_se_test_t1,AUTOC_se_test_t2,AUTOC_se_test_t3,AUTOC_se_test_t4
delta_in_range_fw_7d,Raw (UMAP),Expert v2,SLearner,0.05,0.01,0.000147833719011477,-0.002702815814752316,0.003487014020557919,-0.002030575311009568,0.0021276462150172214,0.002372944394235974,0.0016686300350909516,0.002374683078948156,0.004491822643022105,0.0008949286562481908,-0.0013864928898923384,-0.003855397318346033,0.002662155628604435,0.002053241194295443,0.001955836602904095,0.0023012173898352027
