outcome,state_rep,action_rep,cate_estimator,p_wins,prop_lb,AUTOC_val_t1,AUTOC_val_t2,AUTOC_val_t3,AUTOC_val_t4,AUTOC_se_val_t1,AUTOC_se_val_t2,AUTOC_se_val_t3,AUTOC_se_val_t4,AUTOC_test_t1,AUTOC_test_t2,AUTOC_test_t3,AUTOC_test_t4,AUTOC_se_test_t1,AUTOC_se_test_t2,AUTOC_se_test_t3,AUTOC_se_test_t4
delta_in_range_fw_7d,Raw (UMAP),Expert v2,XLearner,0.05,0.01,-0.0005162278047113548,-0.004775598051549041,0.004790595971141697,-0.0014306977925556193,0.002109189490394932,0.0022327975246738507,0.0017053008170636343,0.0022808149539779304,0.0028018498589796404,0.00019630432823420797,-0.0009215258840141585,-0.00498952766121622,0.0015941403803657681,0.0018896349294639106,0.0018937377352330365,0.002208680682995328
