outcome,state_rep,action_rep,cate_estimator,p_wins,prop_lb,AUTOC_val_t1,AUTOC_val_t2,AUTOC_val_t3,AUTOC_val_t4,AUTOC_val_t5,AUTOC_se_val_t1,AUTOC_se_val_t2,AUTOC_se_val_t3,AUTOC_se_val_t4,AUTOC_se_val_t5,AUTOC_test_t1,AUTOC_test_t2,AUTOC_test_t3,AUTOC_test_t4,AUTOC_test_t5,AUTOC_se_test_t1,AUTOC_se_test_t2,AUTOC_se_test_t3,AUTOC_se_test_t4,AUTOC_se_test_t5
delta_in_range_fw_7d,Raw (UMAP),Expert v3,Ensemble,0.05,0.01,-0.0067193717583323345,-0.0010347565476111612,0.002031136239677952,0.002769698405368,-0.003924422156678107,0.0028537759414248185,0.002939536451951027,0.0018560640945715903,0.001619818798027375,0.0032019695872051042,0.004429385048910037,-0.0028423511537109666,0.005905115793470212,-0.0027985262614880803,0.0003001592171152584,0.003052594725390012,0.003101321545634832,0.002744770636386917,0.00203351394031915,0.003105830658254128
