outcome,state_rep,action_rep,cate_estimator,p_wins,prop_lb,AUTOC_val_t1,AUTOC_val_t2,AUTOC_se_val_t1,AUTOC_se_val_t2,AUTOC_test_t1,AUTOC_test_t2,AUTOC_se_test_t1,AUTOC_se_test_t2
delta_in_range_fw_7d,Raw (UMAP),Binary (any),XLearner,0.05,0.01,-0.0003189186946713797,-0.0003189186946713797,0.001456267495614243,0.001456267495614243,0.0005555819249439586,0.0005555819249439586,0.0014197037631122626,0.0014197037631122626
