outcome,state_rep,action_rep,cate_estimator,p_wins,prop_lb,AUTOC_val_t1,AUTOC_val_t2,AUTOC_val_t3,AUTOC_val_t4,AUTOC_val_t5,AUTOC_se_val_t1,AUTOC_se_val_t2,AUTOC_se_val_t3,AUTOC_se_val_t4,AUTOC_se_val_t5,AUTOC_test_t1,AUTOC_test_t2,AUTOC_test_t3,AUTOC_test_t4,AUTOC_test_t5,AUTOC_se_test_t1,AUTOC_se_test_t2,AUTOC_se_test_t3,AUTOC_se_test_t4,AUTOC_se_test_t5
delta_in_range_fw_7d,Raw (UMAP),Clustered Embeddings (4),DRForest,0.05,0.01,-0.0018557818700604342,0.0028112689223815175,0.00013483436893785291,-0.004207054591002162,0.0007153708285731717,0.001790007124656905,0.003207657121713716,0.0015107743258009957,0.002738121494153641,0.002213759387354148,0.0023017160137660075,0.007566572345824738,0.0016208832830552561,-0.0015450219399831123,0.0033643659079642054,0.0019365419764531943,0.003402195811834028,0.0010191215933040435,0.0022474464393856123,0.0026271437433617348
