outcome,state_rep,action_rep,cate_estimator,p_wins,prop_lb,AUTOC_val_t1,AUTOC_val_t2,AUTOC_se_val_t1,AUTOC_se_val_t2,AUTOC_test_t1,AUTOC_test_t2,AUTOC_se_test_t1,AUTOC_se_test_t2
delta_in_range_fw_7d,Raw (UMAP),Binary (any),SLearner,0.05,0.01,-0.0001646988412708652,-0.0001646988412708652,0.0014793810695132557,0.0014793810695132557,0.0012120804549087163,0.0012120804549087163,0.0012661037639076262,0.0012661037639076262
