outcome,state_rep,action_rep,cate_estimator,p_wins,prop_lb,AUTOC_val_t1,AUTOC_val_t2,AUTOC_val_t3,AUTOC_val_t4,AUTOC_se_val_t1,AUTOC_se_val_t2,AUTOC_se_val_t3,AUTOC_se_val_t4,AUTOC_test_t1,AUTOC_test_t2,AUTOC_test_t3,AUTOC_test_t4,AUTOC_se_test_t1,AUTOC_se_test_t2,AUTOC_se_test_t3,AUTOC_se_test_t4
delta_in_range_fw_7d,TIDE,Expert,SLearner,0.05,0.01,0.006373387380304611,0.0049671442905356925,0.00030193368828010223,0.00814589772017482,0.003729467893799806,0.0035337104007362435,0.0020011040445674718,0.0021675593725842155,0.004479935177012036,0.012754355423075679,0.0005247471465289892,0.006555242994180689,0.003954523771490494,0.0033897350219709863,0.002203692399206675,0.002310866873909641
