outcome,state_rep,action_rep,cate_estimator,p_wins,prop_lb,AUTOC_val_t1,AUTOC_val_t2,AUTOC_val_t3,AUTOC_val_t4,AUTOC_val_t5,AUTOC_se_val_t1,AUTOC_se_val_t2,AUTOC_se_val_t3,AUTOC_se_val_t4,AUTOC_se_val_t5,AUTOC_test_t1,AUTOC_test_t2,AUTOC_test_t3,AUTOC_test_t4,AUTOC_test_t5,AUTOC_se_test_t1,AUTOC_se_test_t2,AUTOC_se_test_t3,AUTOC_se_test_t4,AUTOC_se_test_t5
delta_in_range_fw_7d,Raw (UMAP),Clustered Embeddings (4),TLearner,0.05,0.01,-0.002118548733201898,0.005532031579837667,0.0014862365453894672,-0.0012579575247538169,0.00038054032785639986,0.001952210908755207,0.003010747160733102,0.0015087206272061588,0.0033366419900415613,0.002290366005438185,0.0033350721792785097,0.0004403039283648245,0.0026898740469129077,0.0009820936375919101,0.001521006413904002,0.0022308237675136384,0.002572920476610833,0.0008156828116492544,0.003055912235662358,0.0026610174036504654
