outcome,state_rep,action_rep,cate_estimator,p_wins,prop_lb,AUTOC_val_t1,AUTOC_val_t2,AUTOC_val_t3,AUTOC_val_t4,AUTOC_val_t5,AUTOC_se_val_t1,AUTOC_se_val_t2,AUTOC_se_val_t3,AUTOC_se_val_t4,AUTOC_se_val_t5,AUTOC_test_t1,AUTOC_test_t2,AUTOC_test_t3,AUTOC_test_t4,AUTOC_test_t5,AUTOC_se_test_t1,AUTOC_se_test_t2,AUTOC_se_test_t3,AUTOC_se_test_t4,AUTOC_se_test_t5
delta_in_range_fw_7d,Raw (UMAP),Clustered Embeddings (4),XLearner,0.05,0.01,-0.002930450689057706,0.006006908158446037,0.0030802675853903133,0.002358372924068941,0.003417993018361295,0.0019094878991535627,0.0032748031881206104,0.001776025007681702,0.0023442860313691526,0.0018823252722377718,0.001379701358924038,0.004435331056591105,0.0016968273288778945,0.0025142914866390182,0.0005562354953386695,0.0021007417224762318,0.0028883147718378605,0.000922290003663528,0.002850870941120399,0.0022773316914278707
