outcome,state_rep,action_rep,cate_estimator,p_wins,prop_lb,AUTOC_val_t1,AUTOC_val_t2,AUTOC_val_t3,AUTOC_val_t4,AUTOC_val_t5,AUTOC_se_val_t1,AUTOC_se_val_t2,AUTOC_se_val_t3,AUTOC_se_val_t4,AUTOC_se_val_t5,AUTOC_test_t1,AUTOC_test_t2,AUTOC_test_t3,AUTOC_test_t4,AUTOC_test_t5,AUTOC_se_test_t1,AUTOC_se_test_t2,AUTOC_se_test_t3,AUTOC_se_test_t4,AUTOC_se_test_t5
delta_in_range_fw_7d,Raw (UMAP),Clustered Embeddings (4),SLearner,0.05,0.01,-0.0027215394638406823,0.0026849569170637353,0.0001855197727442135,-0.00288854153158253,-0.000548122653928963,0.0020689019561638974,0.002658839344319461,0.00151987404129821,0.003424147936667708,0.002446358480473804,0.003057240161587906,0.0007023670475776225,0.000533620234993467,-0.0004162913831531779,0.0018448311578145554,0.0020076390635834587,0.0026615030206978566,0.0007671357443497153,0.003286418493605726,0.0031315887767424853
