outcome,state_rep,action_rep,cate_estimator,p_wins,prop_lb,AUTOC_val_t1,AUTOC_val_t2,AUTOC_se_val_t1,AUTOC_se_val_t2,AUTOC_test_t1,AUTOC_test_t2,AUTOC_se_test_t1,AUTOC_se_test_t2
delta_in_range_fw_7d,Raw (UMAP),Binary (any),DRForest,0.05,0.01,-0.00027045524841284505,-0.00027045524841284505,0.0017116012361344135,0.0017116012361344135,0.0008333503163684721,0.0008333503163684721,0.0014153007276978687,0.0014153007276978687
