outcome,state_rep,action_rep,cate_estimator,p_wins,prop_lb,AUTOC_val_t1,AUTOC_val_t2,AUTOC_val_t3,AUTOC_val_t4,AUTOC_val_t5,AUTOC_se_val_t1,AUTOC_se_val_t2,AUTOC_se_val_t3,AUTOC_se_val_t4,AUTOC_se_val_t5,AUTOC_test_t1,AUTOC_test_t2,AUTOC_test_t3,AUTOC_test_t4,AUTOC_test_t5,AUTOC_se_test_t1,AUTOC_se_test_t2,AUTOC_se_test_t3,AUTOC_se_test_t4,AUTOC_se_test_t5
delta_in_range_fw_7d,Raw (UMAP),Clustered Embeddings (4),Ensemble,0.05,0.01,-0.0027273078934737472,0.0025461935153830054,0.00015187259362906748,-0.0028096369155009475,-0.00044114786152322046,0.0020641755390729956,0.0025232991994625985,0.0014964411304794363,0.0033942785555330685,0.0024619409957219846,0.0028164780288626214,0.0011447644370394658,0.0005130273146859133,-0.0006290062214078393,0.0019379469627727717,0.002016136734823295,0.002483172976683772,0.0007591904336655304,0.0035157147334137218,0.0030143121581946426
