outcome,state_rep,action_rep,cate_estimator,p_wins,prop_lb,AUTOC_val_t1,AUTOC_val_t2,AUTOC_se_val_t1,AUTOC_se_val_t2,AUTOC_test_t1,AUTOC_test_t2,AUTOC_se_test_t1,AUTOC_se_test_t2
delta_in_range_fw_7d,Raw (UMAP),Binary (any),CF,0.05,0.01,4.1916840050403625e-05,4.1916840050403625e-05,0.0013664453636048697,0.0013664453636048697,-0.0005603231723868209,-0.0005603231723868209,0.001197578104752609,0.001197578104752609
