outcome,state_rep,action_rep,cate_estimator,p_wins,prop_lb,AUTOC_val_t1,AUTOC_val_t2,AUTOC_val_t3,AUTOC_val_t4,AUTOC_val_t5,AUTOC_se_val_t1,AUTOC_se_val_t2,AUTOC_se_val_t3,AUTOC_se_val_t4,AUTOC_se_val_t5,AUTOC_test_t1,AUTOC_test_t2,AUTOC_test_t3,AUTOC_test_t4,AUTOC_test_t5,AUTOC_se_test_t1,AUTOC_se_test_t2,AUTOC_se_test_t3,AUTOC_se_test_t4,AUTOC_se_test_t5
delta_in_range_fw_7d,Raw (UMAP),Clustered Embeddings (4),CF,0.05,0.01,-0.0034659020528842884,0.0036882144214706557,0.00021677439242103632,-0.0002800620965205117,0.0006914796395976535,0.00207785505799552,0.00353396260186089,0.0015660740461072456,0.0028255578032033305,0.002070263073735724,-0.00012534171069352427,0.002859875045083833,0.0025999210308323127,0.001128599888965342,-0.0003053618120795463,0.0019595350228609277,0.0025852512139742413,0.0007404393251798573,0.002754729185958206,0.0018137084267740007
