outcome,state_rep,action_rep,cate_estimator,p_wins,prop_lb,AUTOC_val_t1,AUTOC_val_t2,AUTOC_val_t3,AUTOC_val_t4,AUTOC_se_val_t1,AUTOC_se_val_t2,AUTOC_se_val_t3,AUTOC_se_val_t4,AUTOC_test_t1,AUTOC_test_t2,AUTOC_test_t3,AUTOC_test_t4,AUTOC_se_test_t1,AUTOC_se_test_t2,AUTOC_se_test_t3,AUTOC_se_test_t4
delta_in_range_fw_7d,TIDE,Expert v2,Ensemble,0.05,0.01,0.02398539979431125,0.007147735497539372,0.0013429176278752658,0.019581309529553118,0.0016207518519069143,0.0027805142827233165,0.0021433893270555258,0.001950011507133766,0.023300234557984828,0.0070203591580431,0.00026470805452915214,0.016180671804053973,0.001475990341643117,0.002718022072375616,0.002200353772423692,0.002321028213689873
