outcome,state_rep,action_rep,cate_estimator,p_wins,prop_lb,AUTOC_val_t1,AUTOC_val_t2,AUTOC_val_t3,AUTOC_val_t4,AUTOC_se_val_t1,AUTOC_se_val_t2,AUTOC_se_val_t3,AUTOC_se_val_t4,AUTOC_test_t1,AUTOC_test_t2,AUTOC_test_t3,AUTOC_test_t4,AUTOC_se_test_t1,AUTOC_se_test_t2,AUTOC_se_test_t3,AUTOC_se_test_t4
delta_in_range_fw_7d,TIDE,Expert v2,TLearner,0.05,0.01,0.025338432649138008,0.008659270580309766,0.0007632068478470569,0.021435585952495378,0.001498903678976772,0.0025157258623213436,0.0023537816288030154,0.0018847007877191798,0.024333982169959228,0.008899887797812908,4.853423802120396e-05,0.01678912572561376,0.001479875930932378,0.0024979410963592353,0.0021591022182052694,0.0020707771800709367
