outcome,state_rep,action_rep,cate_estimator,p_wins,prop_lb,AUTOC_val_t1,AUTOC_val_t2,AUTOC_val_t3,AUTOC_val_t4,AUTOC_se_val_t1,AUTOC_se_val_t2,AUTOC_se_val_t3,AUTOC_se_val_t4,AUTOC_test_t1,AUTOC_test_t2,AUTOC_test_t3,AUTOC_test_t4,AUTOC_se_test_t1,AUTOC_se_test_t2,AUTOC_se_test_t3,AUTOC_se_test_t4
delta_in_range_fw_7d,TIDE,Expert v2,CF,0.05,0.01,0.011547859284335176,-0.0021032913719824064,0.001628890386474619,0.013159167301794165,0.0011887610851770462,0.0028776874420832882,0.002267878154707959,0.0018241443115851865,0.009179691078716223,-0.0016226231254765108,-0.00031249117463604545,0.008009297633260299,0.0017731366382125909,0.002469317005217525,0.0023710925758407457,0.0016527857085980111
