outcome,state_rep,action_rep,cate_estimator,p_wins,prop_lb,AUTOC_val_t1,AUTOC_val_t2,AUTOC_val_t3,AUTOC_val_t4,AUTOC_se_val_t1,AUTOC_se_val_t2,AUTOC_se_val_t3,AUTOC_se_val_t4,AUTOC_test_t1,AUTOC_test_t2,AUTOC_test_t3,AUTOC_test_t4,AUTOC_se_test_t1,AUTOC_se_test_t2,AUTOC_se_test_t3,AUTOC_se_test_t4
delta_in_range_fw_7d,TIDE,Expert v2,DRForest,0.05,0.01,0.01228829757874688,-0.0021606112891942196,0.0024512461121290975,0.003553608508073635,0.0015167473146770023,0.002715691181018855,0.00232323906449832,0.0020007326370713105,0.014395043528374596,-0.0023644616009127328,0.001347774266710663,0.0029546567868661664,0.0023317949683281164,0.002812217452237297,0.002319094637404201,0.002267498853951909
