outcome,state_rep,action_rep,cate_estimator,p_wins,prop_lb,AUTOC_val_t1,AUTOC_val_t2,AUTOC_se_val_t1,AUTOC_se_val_t2,AUTOC_test_t1,AUTOC_test_t2,AUTOC_se_test_t1,AUTOC_se_test_t2
delta_in_range_fw_7d,Raw (UMAP) (+1w lags in control covars),Binary (any),CF,0.05,0.01,-0.0005448841007042563,-0.0005448841007042563,0.0013512022034359822,0.0013512022034359822,0.0006785890900313967,0.0006785890900313967,0.0018051345528145536,0.0018051345528145536
