outcome,state_rep,action_rep,cate_estimator,p_wins,prop_lb,AUTOC_val_t1,AUTOC_val_t2,AUTOC_val_t3,AUTOC_val_t4,AUTOC_val_t5,AUTOC_se_val_t1,AUTOC_se_val_t2,AUTOC_se_val_t3,AUTOC_se_val_t4,AUTOC_se_val_t5,AUTOC_test_t1,AUTOC_test_t2,AUTOC_test_t3,AUTOC_test_t4,AUTOC_test_t5,AUTOC_se_test_t1,AUTOC_se_test_t2,AUTOC_se_test_t3,AUTOC_se_test_t4,AUTOC_se_test_t5
delta_in_range_fw_7d,TIDE (+1w lags in control covars),Expert v3,XLearner,0.05,0.01,-0.0032507031373100116,0.00399836145667914,0.01099364294032445,0.0006226532335886998,0.009226248719417636,0.0040835435381472015,0.002183224219955242,0.0014064247110079644,0.0019466842422977144,0.0020138358386749774,0.0019043149987244398,-0.0004886573060637471,0.009340218824971644,-0.00031246373064560594,0.006420245498865975,0.0037430340437046407,0.003330171866097932,0.0015261076107472551,0.0024182330926815544,0.0025686899329205298
