outcome,state_rep,action_rep,cate_estimator,p_wins,prop_lb,AUTOC_val_t1,AUTOC_val_t2,AUTOC_val_t3,AUTOC_val_t4,AUTOC_val_t5,AUTOC_se_val_t1,AUTOC_se_val_t2,AUTOC_se_val_t3,AUTOC_se_val_t4,AUTOC_se_val_t5,AUTOC_test_t1,AUTOC_test_t2,AUTOC_test_t3,AUTOC_test_t4,AUTOC_test_t5,AUTOC_se_test_t1,AUTOC_se_test_t2,AUTOC_se_test_t3,AUTOC_se_test_t4,AUTOC_se_test_t5
delta_in_range_fw_7d,TIDE (+1w lags in control covars),Clustered Embeddings (4),TLearner,0.05,0.01,0.002065555396109617,0.000556351362980563,0.014032690183441048,0.008590325705482961,0.008117778729661762,0.002519092244354528,0.0033133307112409513,0.0016139780121524209,0.0030038793608108748,0.0021778742100828736,0.002210310674933306,0.0028527233398632904,0.015037439598739953,0.001422313146329906,0.007624308263491999,0.002223933652963033,0.0034219222286773895,0.001517440728925078,0.002296475807109557,0.0023713282267392014
