outcome,state_rep,action_rep,cate_estimator,p_wins,prop_lb,AUTOC_val_t1,AUTOC_val_t2,AUTOC_val_t3,AUTOC_val_t4,AUTOC_val_t5,AUTOC_se_val_t1,AUTOC_se_val_t2,AUTOC_se_val_t3,AUTOC_se_val_t4,AUTOC_se_val_t5,AUTOC_test_t1,AUTOC_test_t2,AUTOC_test_t3,AUTOC_test_t4,AUTOC_test_t5,AUTOC_se_test_t1,AUTOC_se_test_t2,AUTOC_se_test_t3,AUTOC_se_test_t4,AUTOC_se_test_t5
delta_in_range_fw_7d,Raw (UMAP) (+3w lags in control covars),Clustered Embeddings (4),Ensemble,0.05,0.01,-0.0014744870250103358,-0.00018478448583664285,0.003008516867588425,0.0016913364959135681,0.0010041807860816097,0.0017043710188619009,0.0027339673532638083,0.0014447934294764839,0.002451122959873852,0.0018958919143198894,-0.0015271540036760718,0.0038028444478602195,0.0016824503513208089,0.004091943589967853,0.0045522647035818676,0.0019826925009994874,0.002745005034382089,0.0008629526773229627,0.003183449259407335,0.0023511136178277848
