outcome,state_rep,action_rep,cate_estimator,p_wins,prop_lb,AUTOC_val_t1,AUTOC_val_t2,AUTOC_se_val_t1,AUTOC_se_val_t2,AUTOC_test_t1,AUTOC_test_t2,AUTOC_se_test_t1,AUTOC_se_test_t2
delta_in_range_fw_7d,Raw (TS2Vec) (+1w lags in control covars),Binary (any),CF,0.05,0.01,-0.0006896373047573923,-0.0006896373047573923,0.0013614213845181487,0.0013614213845181487,0.0021018031228955962,0.0021018031228955962,0.0016577952069454682,0.0016577952069454682
