outcome,state_rep,action_rep,cate_estimator,p_wins,prop_lb,AUTOC_val_t1,AUTOC_val_t2,AUTOC_val_t3,AUTOC_val_t4,AUTOC_val_t5,AUTOC_se_val_t1,AUTOC_se_val_t2,AUTOC_se_val_t3,AUTOC_se_val_t4,AUTOC_se_val_t5,AUTOC_test_t1,AUTOC_test_t2,AUTOC_test_t3,AUTOC_test_t4,AUTOC_test_t5,AUTOC_se_test_t1,AUTOC_se_test_t2,AUTOC_se_test_t3,AUTOC_se_test_t4,AUTOC_se_test_t5
delta_in_range_fw_7d,Raw (UMAP) (+4w lags in control covars),Expert v3,XLearner,0.05,0.01,0.0015000721461097763,-0.0022657009135826894,-4.2161677829754875e-05,0.00022741132931249747,-0.0003604847390965039,0.0028563731502766307,0.002597933149039455,0.00189347004911114,0.001988219497880771,0.002151599425384782,0.001915384200786784,-0.0035660706084516295,0.0046956024308990076,0.0032276490388607614,0.0009255656486094459,0.003833138774688213,0.00247638787713133,0.0013720220283352377,0.002140427109593558,0.002871076895811768
