outcome,state_rep,action_rep,cate_estimator,p_wins,prop_lb,AUTOC_val_t1,AUTOC_val_t2,AUTOC_val_t3,AUTOC_val_t4,AUTOC_val_t5,AUTOC_se_val_t1,AUTOC_se_val_t2,AUTOC_se_val_t3,AUTOC_se_val_t4,AUTOC_se_val_t5,AUTOC_test_t1,AUTOC_test_t2,AUTOC_test_t3,AUTOC_test_t4,AUTOC_test_t5,AUTOC_se_test_t1,AUTOC_se_test_t2,AUTOC_se_test_t3,AUTOC_se_test_t4,AUTOC_se_test_t5
delta_in_range_fw_7d,Raw (TS2Vec) (+2w lags in control covars),Clustered Embeddings (4),Ensemble,0.05,0.01,0.00033152188894967774,0.0024460982580044037,-0.0011412581361306283,-0.0013522346400929367,-0.002493656402898,0.001615721814059394,0.002991224857056814,0.0014508112711055742,0.0023773259817787763,0.0017422431080830563,0.00430556837800187,0.0072039712763540455,-0.00022928483982437786,0.003186879092150738,0.0068190164169475,0.0022621470161546305,0.002879395514011835,0.0008197667653374032,0.002377424332240001,0.0025617854884997914
