outcome,state_rep,action_rep,cate_estimator,p_wins,prop_lb,AUTOC_val_t1,AUTOC_val_t2,AUTOC_val_t3,AUTOC_val_t4,AUTOC_val_t5,AUTOC_se_val_t1,AUTOC_se_val_t2,AUTOC_se_val_t3,AUTOC_se_val_t4,AUTOC_se_val_t5,AUTOC_test_t1,AUTOC_test_t2,AUTOC_test_t3,AUTOC_test_t4,AUTOC_test_t5,AUTOC_se_test_t1,AUTOC_se_test_t2,AUTOC_se_test_t3,AUTOC_se_test_t4,AUTOC_se_test_t5
delta_in_range_fw_7d,TIDE (+4w lags in control covars),Clustered Embeddings (4),TLearner,0.05,0.01,-0.0046290275718614176,0.0012855627648833269,0.008301039282669153,0.010305120827423079,0.008171517848966798,0.003057369229606309,0.0034173799701868093,0.0012940766765653078,0.0029796599012560567,0.002600545230249175,-0.000834758262299496,-0.0015148318986970186,0.009532938792031796,3.771279569050939e-05,0.004271458162907464,0.0023025828869928985,0.003809086202978373,0.0015188162221210094,0.0025665856924483653,0.002412616455943935
