outcome,state_rep,action_rep,cate_estimator,p_wins,prop_lb,AUTOC_val_t1,AUTOC_val_t2,AUTOC_val_t3,AUTOC_val_t4,AUTOC_val_t5,AUTOC_se_val_t1,AUTOC_se_val_t2,AUTOC_se_val_t3,AUTOC_se_val_t4,AUTOC_se_val_t5,AUTOC_test_t1,AUTOC_test_t2,AUTOC_test_t3,AUTOC_test_t4,AUTOC_test_t5,AUTOC_se_test_t1,AUTOC_se_test_t2,AUTOC_se_test_t3,AUTOC_se_test_t4,AUTOC_se_test_t5
delta_in_range_fw_7d,TIDE (+2w lags in control covars),Clustered Embeddings (4),SLearner,0.05,0.01,-0.0019764634762542647,0.002868667900388849,0.002768533896350057,0.005387176394279102,0.0023845556637078894,0.0028406827035137726,0.0022976645262265064,0.0012731814421690364,0.0026628768678652473,0.0024136608436672187,0.0026682047785209955,0.0016390401630508348,0.005018144109939137,0.0020829021288578053,0.0026218099189936317,0.002086626739549843,0.0034399975062777547,0.0010931193242965222,0.002290813507920582,0.0024496697582500867
