outcome,state_rep,action_rep,cate_estimator,p_wins,prop_lb,AUTOC_val_t1,AUTOC_val_t2,AUTOC_val_t3,AUTOC_val_t4,AUTOC_val_t5,AUTOC_se_val_t1,AUTOC_se_val_t2,AUTOC_se_val_t3,AUTOC_se_val_t4,AUTOC_se_val_t5,AUTOC_test_t1,AUTOC_test_t2,AUTOC_test_t3,AUTOC_test_t4,AUTOC_test_t5,AUTOC_se_test_t1,AUTOC_se_test_t2,AUTOC_se_test_t3,AUTOC_se_test_t4,AUTOC_se_test_t5
delta_in_range_fw_7d,Raw (TS2Vec) (+4w lags in control covars),Expert v3,SLearner,0.05,0.01,-0.0017515792885854546,0.0031498114159546667,-0.0001491957377373564,-0.0008307047756865175,0.003973257809653948,0.002466545009855489,0.002586552867760634,0.0016355770851331141,0.0017657847096138363,0.001950378300457339,0.0031910418048353454,0.002227555284021787,0.0013560514525116822,0.0038768531250263165,0.000772226249321642,0.0025179484988345725,0.003103898198910743,0.0016167072704351543,0.002328133280668828,0.0026496581671265206
