outcome,state_rep,action_rep,cate_estimator,p_wins,prop_lb,AUTOC_val_t1,AUTOC_val_t2,AUTOC_val_t3,AUTOC_val_t4,AUTOC_val_t5,AUTOC_se_val_t1,AUTOC_se_val_t2,AUTOC_se_val_t3,AUTOC_se_val_t4,AUTOC_se_val_t5,AUTOC_test_t1,AUTOC_test_t2,AUTOC_test_t3,AUTOC_test_t4,AUTOC_test_t5,AUTOC_se_test_t1,AUTOC_se_test_t2,AUTOC_se_test_t3,AUTOC_se_test_t4,AUTOC_se_test_t5
delta_in_range_fw_7d,TIDE (+2w lags in control covars),Expert v3,XLearner,0.05,0.01,-0.0038351314200279285,0.0030913677271884993,0.008207692699908063,0.0018927533160485997,0.007887178216475745,0.003785411883584413,0.002456600252220778,0.001262865611029406,0.0018864435646256852,0.0021918200072484446,0.001757623566189479,-0.0014494127566646127,0.007997057526765529,-0.0016368299720575805,0.008685434200686366,0.0035596583712955514,0.003570968952076738,0.0015536875186483417,0.0027949273231163917,0.0023911006576852307
