outcome,state_rep,action_rep,cate_estimator,p_wins,prop_lb,AUTOC_val_t1,AUTOC_val_t2,AUTOC_val_t3,AUTOC_val_t4,AUTOC_val_t5,AUTOC_se_val_t1,AUTOC_se_val_t2,AUTOC_se_val_t3,AUTOC_se_val_t4,AUTOC_se_val_t5,AUTOC_test_t1,AUTOC_test_t2,AUTOC_test_t3,AUTOC_test_t4,AUTOC_test_t5,AUTOC_se_test_t1,AUTOC_se_test_t2,AUTOC_se_test_t3,AUTOC_se_test_t4,AUTOC_se_test_t5
delta_in_range_fw_7d,TIDE (+4w lags in control covars),Expert v3,XLearner,0.05,0.01,-0.006641525076519813,0.00500592916834704,0.001662091607117571,0.0025884318535590056,0.0026725550300672907,0.004326819013031421,0.002174177099500874,0.0013022343604913165,0.0018124566986970846,0.0017848065001504507,0.0004126340933356629,0.0033275920020858036,0.0005766394507910218,5.4253208704534487e-05,0.004036003852369665,0.003292767325561388,0.00338411320787138,0.0015797889416815944,0.0021916348883062346,0.0023522010515493875
