outcome,state_rep,action_rep,cate_estimator,p_wins,prop_lb,AUTOC_val_t1,AUTOC_val_t2,AUTOC_se_val_t1,AUTOC_se_val_t2,AUTOC_test_t1,AUTOC_test_t2,AUTOC_se_test_t1,AUTOC_se_test_t2
delta_in_range_fw_7d,TIDE (+1w lags in control covars),Binary (any),Ensemble,0.05,0.01,0.0008437658486857793,0.0008437658486857793,0.0015576262319705895,0.0015576262319705895,0.0016670192476891598,0.0016670192476891598,0.0018018529962135247,0.0018018529962135247
