outcome,state_rep,action_rep,cate_estimator,p_wins,prop_lb,AUTOC_val_t1,AUTOC_val_t2,AUTOC_val_t3,AUTOC_val_t4,AUTOC_val_t5,AUTOC_se_val_t1,AUTOC_se_val_t2,AUTOC_se_val_t3,AUTOC_se_val_t4,AUTOC_se_val_t5,AUTOC_test_t1,AUTOC_test_t2,AUTOC_test_t3,AUTOC_test_t4,AUTOC_test_t5,AUTOC_se_test_t1,AUTOC_se_test_t2,AUTOC_se_test_t3,AUTOC_se_test_t4,AUTOC_se_test_t5
delta_in_range_fw_7d,Raw (UMAP) (+1w lags in control covars),Clustered Embeddings (4),CF,0.05,0.01,-0.0020283622984843363,0.0008578669972682418,-0.0003184676970292383,0.0009044873712728785,0.0023377035440123144,0.0018256003208864686,0.003670612779552977,0.001241149104775978,0.0019764899270862373,0.0018370573834855105,-0.0007578190615027494,0.00756131982488413,0.0006787684514020582,0.0029626245968233677,0.0038724065023780343,0.002139962159624211,0.0029314900216679735,0.0009111710437686586,0.0032771007161384643,0.0025473520018324054
