outcome,state_rep,action_rep,cate_estimator,p_wins,prop_lb,AUTOC_val_t1,AUTOC_val_t2,AUTOC_val_t3,AUTOC_val_t4,AUTOC_val_t5,AUTOC_se_val_t1,AUTOC_se_val_t2,AUTOC_se_val_t3,AUTOC_se_val_t4,AUTOC_se_val_t5,AUTOC_test_t1,AUTOC_test_t2,AUTOC_test_t3,AUTOC_test_t4,AUTOC_test_t5,AUTOC_se_test_t1,AUTOC_se_test_t2,AUTOC_se_test_t3,AUTOC_se_test_t4,AUTOC_se_test_t5
delta_in_range_fw_7d,TIDE (+3w lags in control covars),Expert v3,XLearner,0.05,0.01,-0.0032259156968013247,0.0030673627985385444,0.0035041077965094884,0.0024398433698427776,0.0038050297998437656,0.0035639765365152037,0.0021946738507677113,0.0011647760526698055,0.0018482798963093843,0.0017946535148120407,0.0009662596450354516,0.0013280944466989883,0.0031927009537907787,-0.0004104241902048491,0.005893338403302444,0.0030654015651178294,0.003033798070046001,0.0015310841574283063,0.0020897118541422176,0.002113068871074891
