outcome,state_rep,action_rep,cate_estimator,p_wins,prop_lb,AUTOC_val_t1,AUTOC_val_t2,AUTOC_val_t3,AUTOC_val_t4,AUTOC_val_t5,AUTOC_se_val_t1,AUTOC_se_val_t2,AUTOC_se_val_t3,AUTOC_se_val_t4,AUTOC_se_val_t5,AUTOC_test_t1,AUTOC_test_t2,AUTOC_test_t3,AUTOC_test_t4,AUTOC_test_t5,AUTOC_se_test_t1,AUTOC_se_test_t2,AUTOC_se_test_t3,AUTOC_se_test_t4,AUTOC_se_test_t5
delta_in_range_fw_7d,TIDE (+4w lags in control covars),Expert v3,Ensemble,0.05,0.01,-0.006486009277754904,0.006160747388901059,0.004629108788346715,0.0028246591252917112,0.0016085474507227637,0.0037128732111453523,0.002173857008432953,0.0015906927288087422,0.001753004085356213,0.002181071464968917,-0.0011919003957625858,0.003500460409360867,0.00457469145848445,-0.0008298500636122324,-0.0006348881547507117,0.004194795342652942,0.0029199665368560947,0.0016799408606136624,0.002485651912210336,0.003338486294173618
