outcome,state_rep,action_rep,cate_estimator,p_wins,prop_lb,AUTOC_val_t1,AUTOC_val_t2,AUTOC_se_val_t1,AUTOC_se_val_t2,AUTOC_test_t1,AUTOC_test_t2,AUTOC_se_test_t1,AUTOC_se_test_t2
delta_in_range_fw_7d,Raw (UMAP) (+2w lags in control covars),Binary (any),TLearner,0.05,0.01,0.00038985544513821946,0.00038985544513821946,0.0011938216530860064,0.0011938216530860064,-0.0017419630424765351,-0.0017419630424765351,0.0017000342311075732,0.0017000342311075732
