outcome,state_rep,action_rep,cate_estimator,p_wins,prop_lb,AUTOC_val_t1,AUTOC_val_t2,AUTOC_val_t3,AUTOC_val_t4,AUTOC_val_t5,AUTOC_se_val_t1,AUTOC_se_val_t2,AUTOC_se_val_t3,AUTOC_se_val_t4,AUTOC_se_val_t5,AUTOC_test_t1,AUTOC_test_t2,AUTOC_test_t3,AUTOC_test_t4,AUTOC_test_t5,AUTOC_se_test_t1,AUTOC_se_test_t2,AUTOC_se_test_t3,AUTOC_se_test_t4,AUTOC_se_test_t5
delta_in_range_fw_7d,TIDE (+4w lags in control covars),Expert v3,TLearner,0.05,0.01,-0.004226093451063788,0.007881021563519167,0.008219648366597245,0.0006401390257954373,0.007741821342019601,0.003550564314547473,0.001981260507137966,0.001379969047187778,0.002122724827836147,0.0017837085582320636,-0.0041871959661720715,0.003524014531708134,0.0065780628281321574,-0.0005326682252178366,0.004704331927378379,0.0048141021299209046,0.0031478925490189364,0.001327624243774503,0.0019200493576402755,0.0022192870184927884
