outcome,state_rep,action_rep,cate_estimator,p_wins,prop_lb,AUTOC_val_t1,AUTOC_val_t2,AUTOC_val_t3,AUTOC_val_t4,AUTOC_val_t5,AUTOC_se_val_t1,AUTOC_se_val_t2,AUTOC_se_val_t3,AUTOC_se_val_t4,AUTOC_se_val_t5,AUTOC_test_t1,AUTOC_test_t2,AUTOC_test_t3,AUTOC_test_t4,AUTOC_test_t5,AUTOC_se_test_t1,AUTOC_se_test_t2,AUTOC_se_test_t3,AUTOC_se_test_t4,AUTOC_se_test_t5
delta_in_range_fw_7d,Raw (TS2Vec) (+2w lags in control covars),Clustered Embeddings (4),SLearner,0.05,0.01,0.0002530699422849682,0.00224864218548141,-0.001238781404796025,-0.0013178016184265226,-0.0023889422675695674,0.0017917185907339245,0.0028027322624512127,0.0014178645749080324,0.002277544546092298,0.0018390628312999508,0.004354942975351704,0.007217413515263646,-0.00017604881662460257,0.0033189528877406883,0.00671064959132687,0.0022699922051341226,0.003037590837515473,0.0008609386785570589,0.0023295000968587927,0.0025229846954427843
