outcome,state_rep,action_rep,cate_estimator,p_wins,prop_lb,AUTOC_val_t1,AUTOC_val_t2,AUTOC_val_t3,AUTOC_val_t4,AUTOC_val_t5,AUTOC_se_val_t1,AUTOC_se_val_t2,AUTOC_se_val_t3,AUTOC_se_val_t4,AUTOC_se_val_t5,AUTOC_test_t1,AUTOC_test_t2,AUTOC_test_t3,AUTOC_test_t4,AUTOC_test_t5,AUTOC_se_test_t1,AUTOC_se_test_t2,AUTOC_se_test_t3,AUTOC_se_test_t4,AUTOC_se_test_t5
delta_in_range_fw_7d,TIDE (+2w lags in control covars),Clustered Embeddings (4),DRForest,0.05,0.01,-0.003360981229391097,0.002919252582189314,0.006121433047447799,0.008448242367501442,0.00038952554583788194,0.00243424148137613,0.0024203820333083144,0.0015411016726832529,0.0035118752474910682,0.0026129497803323563,-0.0005540542441362067,0.002738441264725758,0.008643772185663546,-0.002322154096972095,-0.0002727600120387096,0.002280428939757441,0.0038713848534854788,0.0016922333075855339,0.002839428681040632,0.0025827362080308807
