outcome,state_rep,action_rep,cate_estimator,p_wins,prop_lb,AUTOC_val_t1,AUTOC_val_t2,AUTOC_val_t3,AUTOC_val_t4,AUTOC_val_t5,AUTOC_se_val_t1,AUTOC_se_val_t2,AUTOC_se_val_t3,AUTOC_se_val_t4,AUTOC_se_val_t5,AUTOC_test_t1,AUTOC_test_t2,AUTOC_test_t3,AUTOC_test_t4,AUTOC_test_t5,AUTOC_se_test_t1,AUTOC_se_test_t2,AUTOC_se_test_t3,AUTOC_se_test_t4,AUTOC_se_test_t5
delta_in_range_fw_7d,Raw (UMAP) (+2w lags in control covars),Clustered Embeddings (4),CF,0.05,0.01,-0.0031271973065477806,0.0006256134816712724,0.0005461991937338629,0.0002638645544793596,0.004247971150291251,0.0017895804287679556,0.003295524515428583,0.00133315533936248,0.001974383318476231,0.0021922531061995747,-0.0005375857074799356,0.006401018546495337,0.001764930004833512,0.0032395260501382806,0.0030569153296117297,0.0020189421207162223,0.002850251595198795,0.0009922823853951233,0.003085672229902067,0.002164739823101052
