outcome,state_rep,action_rep,cate_estimator,p_wins,prop_lb,AUTOC_val_t1,AUTOC_val_t2,AUTOC_val_t3,AUTOC_val_t4,AUTOC_val_t5,AUTOC_se_val_t1,AUTOC_se_val_t2,AUTOC_se_val_t3,AUTOC_se_val_t4,AUTOC_se_val_t5,AUTOC_test_t1,AUTOC_test_t2,AUTOC_test_t3,AUTOC_test_t4,AUTOC_test_t5,AUTOC_se_test_t1,AUTOC_se_test_t2,AUTOC_se_test_t3,AUTOC_se_test_t4,AUTOC_se_test_t5
delta_in_range_fw_7d,Raw (UMAP) (+3w lags in control covars),Expert v3,TLearner,0.05,0.01,0.005001883969624044,-0.0019224306518787597,0.0014933861288545093,0.0016728536309611802,0.00409711552960812,0.002055624652443012,0.002119760741158822,0.0016235076631394584,0.002083099543954276,0.0023616752066279263,0.0022052768775737593,-0.001253550194912847,0.004132612760434486,0.0004338229594182583,0.0015003379658199915,0.003232033447605275,0.0036344011358585278,0.0013289044666085408,0.0019615863507835324,0.0026486004004108057
