outcome,state_rep,action_rep,cate_estimator,p_wins,prop_lb,AUTOC_val_t1,AUTOC_val_t2,AUTOC_val_t3,AUTOC_val_t4,AUTOC_val_t5,AUTOC_se_val_t1,AUTOC_se_val_t2,AUTOC_se_val_t3,AUTOC_se_val_t4,AUTOC_se_val_t5,AUTOC_test_t1,AUTOC_test_t2,AUTOC_test_t3,AUTOC_test_t4,AUTOC_test_t5,AUTOC_se_test_t1,AUTOC_se_test_t2,AUTOC_se_test_t3,AUTOC_se_test_t4,AUTOC_se_test_t5
delta_in_range_fw_7d,Raw (UMAP) (+2w lags in control covars),Expert v3,SLearner,0.05,0.01,0.004169760748749984,-0.002575240038922785,0.0037847438864907937,0.001728678252942207,-0.0009970462410328665,0.0024256438139635354,0.002687866836561263,0.0014496807699074159,0.0018989390226104665,0.0028508640783949197,0.000833252600071139,-0.0030218717757581506,0.0065209492648513,0.0019553935783748018,-0.004105110419152248,0.003473263099393728,0.003309652725185082,0.0013528198174156839,0.0019569989625028137,0.002700271377966859
