outcome,state_rep,action_rep,cate_estimator,p_wins,prop_lb,AUTOC_val_t1,AUTOC_val_t2,AUTOC_se_val_t1,AUTOC_se_val_t2,AUTOC_test_t1,AUTOC_test_t2,AUTOC_se_test_t1,AUTOC_se_test_t2
delta_in_range_fw_7d,TIDE (+2w lags in control covars),Binary (any),CF,0.05,0.01,0.00015609875673073287,0.00015609875673073287,0.0014881804002375197,0.0014881804002375197,0.00233038472263293,0.00233038472263293,0.0018956648202523526,0.0018956648202523526
