outcome,state_rep,action_rep,cate_estimator,p_wins,prop_lb,AUTOC_val_t1,AUTOC_val_t2,AUTOC_val_t3,AUTOC_val_t4,AUTOC_val_t5,AUTOC_se_val_t1,AUTOC_se_val_t2,AUTOC_se_val_t3,AUTOC_se_val_t4,AUTOC_se_val_t5,AUTOC_test_t1,AUTOC_test_t2,AUTOC_test_t3,AUTOC_test_t4,AUTOC_test_t5,AUTOC_se_test_t1,AUTOC_se_test_t2,AUTOC_se_test_t3,AUTOC_se_test_t4,AUTOC_se_test_t5
delta_in_range_fw_7d,Raw (UMAP) (+2w lags in control covars),Expert v3,Ensemble,0.05,0.01,0.004419211920778738,-0.0024906919200613064,0.0037336851463638477,0.001759988329467762,-0.0007565166514209289,0.002410545327104245,0.0028934704292742316,0.0014188224037749208,0.001910779871206924,0.002788276361923755,0.0007074959276798335,-0.0030483477921024594,0.0066627904871389395,0.0019197520314714635,-0.004173619075183169,0.0033992335151713155,0.0030927015395826886,0.001312695985008133,0.0018781157683893253,0.0029339661892449726
