outcome,state_rep,action_rep,cate_estimator,p_wins,prop_lb,AUTOC_val_t1,AUTOC_val_t2,AUTOC_val_t3,AUTOC_val_t4,AUTOC_val_t5,AUTOC_se_val_t1,AUTOC_se_val_t2,AUTOC_se_val_t3,AUTOC_se_val_t4,AUTOC_se_val_t5,AUTOC_test_t1,AUTOC_test_t2,AUTOC_test_t3,AUTOC_test_t4,AUTOC_test_t5,AUTOC_se_test_t1,AUTOC_se_test_t2,AUTOC_se_test_t3,AUTOC_se_test_t4,AUTOC_se_test_t5
delta_in_range_fw_7d,TIDE (+3w lags in control covars),Clustered Embeddings (4),CF,0.05,0.01,-0.0037467282641260153,0.0036654497387476385,0.003207749859350095,0.008436164582024038,-0.00016253621825660546,0.0022074996549626175,0.0031365361574085472,0.001546771413147804,0.0026037238560549163,0.0016665041572377379,-0.0017792007676510817,0.00244969128776021,0.0036627461624841712,0.0015475392959251955,-0.0005076814421281382,0.0022906571667137593,0.003223725029721958,0.0014428012751518857,0.00235860774061924,0.00198665276344093
