outcome,state_rep,action_rep,cate_estimator,p_wins,prop_lb,AUTOC_val_t1,AUTOC_val_t2,AUTOC_val_t3,AUTOC_val_t4,AUTOC_val_t5,AUTOC_se_val_t1,AUTOC_se_val_t2,AUTOC_se_val_t3,AUTOC_se_val_t4,AUTOC_se_val_t5,AUTOC_test_t1,AUTOC_test_t2,AUTOC_test_t3,AUTOC_test_t4,AUTOC_test_t5,AUTOC_se_test_t1,AUTOC_se_test_t2,AUTOC_se_test_t3,AUTOC_se_test_t4,AUTOC_se_test_t5
delta_in_range_fw_7d,Raw (TS2Vec) (+3w lags in control covars),Expert v3,TLearner,0.05,0.01,-0.0038161583493228467,0.0005870229272500931,0.003588846061353026,-0.002983251931033183,0.002394080256826868,0.002152005354533514,0.0023926822106522705,0.0008587765391281978,0.0019287457755808068,0.0018035128358958063,0.00447181915820113,0.0008915641106295114,0.004331820313473932,0.005041409801886109,0.001583120342835541,0.002653188718695269,0.0025469273212084254,0.0018828572374166633,0.0025085125899039678,0.0023132262908052547
