outcome,state_rep,action_rep,cate_estimator,p_wins,prop_lb,AUTOC_val_t1,AUTOC_val_t2,AUTOC_val_t3,AUTOC_val_t4,AUTOC_val_t5,AUTOC_se_val_t1,AUTOC_se_val_t2,AUTOC_se_val_t3,AUTOC_se_val_t4,AUTOC_se_val_t5,AUTOC_test_t1,AUTOC_test_t2,AUTOC_test_t3,AUTOC_test_t4,AUTOC_test_t5,AUTOC_se_test_t1,AUTOC_se_test_t2,AUTOC_se_test_t3,AUTOC_se_test_t4,AUTOC_se_test_t5
delta_in_range_fw_7d,Raw (TS2Vec) (+1w lags in control covars),Expert v3,DRForest,0.05,0.01,-0.0008267605529482737,-0.0006553947458713611,-0.0013107195432640073,-0.0004806964427495337,-0.0020406794438368315,0.002826243886309407,0.002869213051440623,0.0018631971684289273,0.0021428547104602944,0.0020319597542743273,0.0014141948586257685,0.0016460868779846944,0.003142506866927873,0.006549553962395251,0.0026583824885724598,0.003282487420656009,0.0033597652154824936,0.0020964329591516722,0.002288116449455817,0.003020341859272026
