outcome,state_rep,action_rep,cate_estimator,p_wins,prop_lb,AUTOC_val_t1,AUTOC_val_t2,AUTOC_val_t3,AUTOC_val_t4,AUTOC_val_t5,AUTOC_se_val_t1,AUTOC_se_val_t2,AUTOC_se_val_t3,AUTOC_se_val_t4,AUTOC_se_val_t5,AUTOC_test_t1,AUTOC_test_t2,AUTOC_test_t3,AUTOC_test_t4,AUTOC_test_t5,AUTOC_se_test_t1,AUTOC_se_test_t2,AUTOC_se_test_t3,AUTOC_se_test_t4,AUTOC_se_test_t5
delta_in_range_fw_7d,Raw (UMAP) (+4w lags in control covars),Clustered Embeddings (4),TLearner,0.05,0.01,0.00027414604004755486,0.00035515189456730153,0.003482145075053621,0.004595783060119768,0.00304132728683122,0.0018509955465109374,0.0031802101144408038,0.001236948892478595,0.0024245783303351812,0.0021332229977563664,-0.0021547968148595896,0.004175441322357484,0.0040679638807892965,0.0035656317427956905,0.006056604538772969,0.002245303046130614,0.0031520639067788934,0.0012493488220658858,0.0027441686135308997,0.002317115970499836
