outcome,state_rep,action_rep,cate_estimator,p_wins,prop_lb,AUTOC_val_t1,AUTOC_val_t2,AUTOC_val_t3,AUTOC_val_t4,AUTOC_val_t5,AUTOC_se_val_t1,AUTOC_se_val_t2,AUTOC_se_val_t3,AUTOC_se_val_t4,AUTOC_se_val_t5,AUTOC_test_t1,AUTOC_test_t2,AUTOC_test_t3,AUTOC_test_t4,AUTOC_test_t5,AUTOC_se_test_t1,AUTOC_se_test_t2,AUTOC_se_test_t3,AUTOC_se_test_t4,AUTOC_se_test_t5
delta_in_range_fw_7d,Raw (TS2Vec) (+4w lags in control covars),Expert v3,Ensemble,0.05,0.01,-0.0019897169206623396,0.003095607915350384,-0.0002968746156669105,-0.0009166707448673677,0.004026201003426692,0.0024373323351097533,0.0025492556578381245,0.0016971606075177326,0.0016812182003810737,0.0018236934032550194,0.0033319126247848413,0.0020795590901854883,0.0013495700881176148,0.003954136480603343,0.0006499651699433249,0.0025882218338111286,0.0031018075903852683,0.0015452048845877844,0.0024762468483046428,0.0026128629246700117
