outcome,state_rep,action_rep,cate_estimator,p_wins,prop_lb,AUTOC_val_t1,AUTOC_val_t2,AUTOC_val_t3,AUTOC_val_t4,AUTOC_val_t5,AUTOC_se_val_t1,AUTOC_se_val_t2,AUTOC_se_val_t3,AUTOC_se_val_t4,AUTOC_se_val_t5,AUTOC_test_t1,AUTOC_test_t2,AUTOC_test_t3,AUTOC_test_t4,AUTOC_test_t5,AUTOC_se_test_t1,AUTOC_se_test_t2,AUTOC_se_test_t3,AUTOC_se_test_t4,AUTOC_se_test_t5
delta_in_range_fw_7d,Raw (TS2Vec) (+4w lags in control covars),Expert v3,DRForest,0.05,0.01,-0.0010524945443238791,0.002013412299264817,-0.0021744369035643397,-0.000165790246380284,0.002605118158932756,0.0025672436241362005,0.0023933151466252285,0.0018483750133089008,0.0022179393905879963,0.002216937417874138,0.0013692670506094341,0.0002605125397392444,0.0005027024197445151,0.005182647176023866,0.0030324124557733548,0.0033144413137679756,0.0028390430803715066,0.002163200139176679,0.002162563932050399,0.0024889523039795538
