outcome,state_rep,action_rep,cate_estimator,p_wins,prop_lb,AUTOC_val_t1,AUTOC_val_t2,AUTOC_val_t3,AUTOC_val_t4,AUTOC_val_t5,AUTOC_se_val_t1,AUTOC_se_val_t2,AUTOC_se_val_t3,AUTOC_se_val_t4,AUTOC_se_val_t5,AUTOC_test_t1,AUTOC_test_t2,AUTOC_test_t3,AUTOC_test_t4,AUTOC_test_t5,AUTOC_se_test_t1,AUTOC_se_test_t2,AUTOC_se_test_t3,AUTOC_se_test_t4,AUTOC_se_test_t5
delta_in_range_fw_7d,TIDE (+4w lags in control covars),Clustered Embeddings (4),SLearner,0.05,0.01,-0.0041384183371509335,0.0027413537408465314,0.0014735807937235777,0.0038434023031423104,-9.415595121651477e-05,0.0028467067112720465,0.0027554506742290073,0.001125013424396603,0.002330232514110311,0.002131121106111297,0.0016177465316814482,-0.002828863415521191,0.0024400728157827093,0.0022189317410288866,0.002459104144722514,0.0019571672141104287,0.004028347148467523,0.0012068777074512869,0.0025494377627025147,0.002286520100862434
