outcome,state_rep,action_rep,cate_estimator,p_wins,prop_lb,AUTOC_val_t1,AUTOC_val_t2,AUTOC_val_t3,AUTOC_val_t4,AUTOC_val_t5,AUTOC_se_val_t1,AUTOC_se_val_t2,AUTOC_se_val_t3,AUTOC_se_val_t4,AUTOC_se_val_t5,AUTOC_test_t1,AUTOC_test_t2,AUTOC_test_t3,AUTOC_test_t4,AUTOC_test_t5,AUTOC_se_test_t1,AUTOC_se_test_t2,AUTOC_se_test_t3,AUTOC_se_test_t4,AUTOC_se_test_t5
delta_in_range_fw_7d,Raw (UMAP) (+4w lags in control covars),Expert v3,CF,0.05,0.01,-5.508315455491515e-05,-0.0031516226050928124,-0.0007405584686429374,0.0019728860348642587,0.0007447071223938952,0.0029777261949538217,0.0026879466738539857,0.0015889950356834284,0.0022844588637614487,0.0019229576272608666,0.0006602476275087705,-0.0004794934862353635,0.0023136316423126636,0.0021505730191854673,0.004383614646521245,0.003787202937252381,0.002749185453467085,0.0010918625376059128,0.002169331278932046,0.001909403640623014
