outcome,state_rep,action_rep,cate_estimator,p_wins,prop_lb,AUTOC_val_t1,AUTOC_val_t2,AUTOC_val_t3,AUTOC_val_t4,AUTOC_val_t5,AUTOC_se_val_t1,AUTOC_se_val_t2,AUTOC_se_val_t3,AUTOC_se_val_t4,AUTOC_se_val_t5,AUTOC_test_t1,AUTOC_test_t2,AUTOC_test_t3,AUTOC_test_t4,AUTOC_test_t5,AUTOC_se_test_t1,AUTOC_se_test_t2,AUTOC_se_test_t3,AUTOC_se_test_t4,AUTOC_se_test_t5
delta_in_range_fw_7d,Raw (TS2Vec) (+2w lags in control covars),Expert v3,CF,0.05,0.01,4.797432833029968e-07,0.00012266805549142592,0.0004452451663240038,-0.000536504633048508,0.004801741443818078,0.002536582283704391,0.0023928855959977186,0.0018394087777209012,0.0019055573441841048,0.0017762881472802102,0.0013826813742779565,0.00456833891563087,0.005203904969971628,0.004512834362191897,0.011121401027849349,0.0032130779683849702,0.003562897041797059,0.0020600775345245266,0.0024467551945489712,0.0027195236816956216
