outcome,state_rep,action_rep,cate_estimator,p_wins,prop_lb,AUTOC_val_t1,AUTOC_val_t2,AUTOC_val_t3,AUTOC_val_t4,AUTOC_val_t5,AUTOC_se_val_t1,AUTOC_se_val_t2,AUTOC_se_val_t3,AUTOC_se_val_t4,AUTOC_se_val_t5,AUTOC_test_t1,AUTOC_test_t2,AUTOC_test_t3,AUTOC_test_t4,AUTOC_test_t5,AUTOC_se_test_t1,AUTOC_se_test_t2,AUTOC_se_test_t3,AUTOC_se_test_t4,AUTOC_se_test_t5
delta_in_range_fw_7d,Raw (UMAP) (+3w lags in control covars),Clustered Embeddings (4),DRForest,0.05,0.01,-2.2198101322483982e-05,0.0009856288432991116,0.00015286012370677548,0.0018636574506118602,0.0017516158959887292,0.0016107619664430398,0.0035835832090631236,0.001194423540418978,0.0021213236435751923,0.0028803675455777267,-0.003806222071151499,0.007993710346312025,0.002759472183604582,0.00012754764618314547,0.0002615632039934872,0.0022278288066429524,0.0025846216048812046,0.0009067205395185841,0.0030744358693294803,0.002741328113074134
