outcome,state_rep,action_rep,cate_estimator,p_wins,prop_lb,AUTOC_val_t1,AUTOC_val_t2,AUTOC_val_t3,AUTOC_val_t4,AUTOC_val_t5,AUTOC_se_val_t1,AUTOC_se_val_t2,AUTOC_se_val_t3,AUTOC_se_val_t4,AUTOC_se_val_t5,AUTOC_test_t1,AUTOC_test_t2,AUTOC_test_t3,AUTOC_test_t4,AUTOC_test_t5,AUTOC_se_test_t1,AUTOC_se_test_t2,AUTOC_se_test_t3,AUTOC_se_test_t4,AUTOC_se_test_t5
delta_in_range_fw_7d,TIDE (+3w lags in control covars),Clustered Embeddings (4),Ensemble,0.05,0.01,-0.0027220062183600274,0.003328564331368698,0.0018693625672506337,0.0053411398163369945,0.0019322299268809435,0.0028290515065661197,0.002789455409370924,0.0012587807329211879,0.0022620396805364674,0.002706030464784567,0.0017661914749942799,0.0011360254588501004,0.003914635991270837,0.0008798810468453047,0.002055924849900705,0.002198269242761977,0.003098630313647525,0.001077448588949393,0.0021138050224016667,0.0024033793957137133
