outcome,state_rep,action_rep,cate_estimator,p_wins,prop_lb,AUTOC_val_t1,AUTOC_val_t2,AUTOC_val_t3,AUTOC_val_t4,AUTOC_val_t5,AUTOC_se_val_t1,AUTOC_se_val_t2,AUTOC_se_val_t3,AUTOC_se_val_t4,AUTOC_se_val_t5,AUTOC_test_t1,AUTOC_test_t2,AUTOC_test_t3,AUTOC_test_t4,AUTOC_test_t5,AUTOC_se_test_t1,AUTOC_se_test_t2,AUTOC_se_test_t3,AUTOC_se_test_t4,AUTOC_se_test_t5
delta_in_range_fw_7d,Raw (TS2Vec) (+3w lags in control covars),Clustered Embeddings (4),TLearner,0.05,0.01,-0.00034896687965649536,-0.00014991556948856446,0.0008257077448163672,0.00011104376837972946,0.0002624877768460704,0.0016648884012957273,0.002737369581251814,0.0012150115463574755,0.002451278044063915,0.0018367459080810898,0.0013372047896613001,0.006755890421041856,0.0020366484210434022,-0.0010246901573209913,0.00646992847664676,0.00214315784480075,0.003655475238348209,0.0010285987984101376,0.0029939085806990643,0.003139817107996873
