outcome,state_rep,action_rep,cate_estimator,p_wins,prop_lb,AUTOC_val_t1,AUTOC_val_t2,AUTOC_val_t3,AUTOC_val_t4,AUTOC_val_t5,AUTOC_se_val_t1,AUTOC_se_val_t2,AUTOC_se_val_t3,AUTOC_se_val_t4,AUTOC_se_val_t5,AUTOC_test_t1,AUTOC_test_t2,AUTOC_test_t3,AUTOC_test_t4,AUTOC_test_t5,AUTOC_se_test_t1,AUTOC_se_test_t2,AUTOC_se_test_t3,AUTOC_se_test_t4,AUTOC_se_test_t5
delta_in_range_fw_7d,TIDE (+2w lags in control covars),Clustered Embeddings (4),Ensemble,0.05,0.01,-0.0019406396535118409,0.002800837181528179,0.002786183754460233,0.005091476631993459,0.0023717694264242532,0.002846039580618783,0.002393361892804221,0.0014067607043682752,0.0027279476707594056,0.0023518627851914003,0.002705838258140218,0.0018704119547902059,0.004997376541803577,0.002156166304532589,0.002756326044549875,0.0021139112830478412,0.003581064526439886,0.0010511281638591974,0.0020984502486902164,0.0024670429909655948
