outcome,state_rep,action_rep,cate_estimator,p_wins,prop_lb,AUTOC_val_t1,AUTOC_val_t2,AUTOC_val_t3,AUTOC_val_t4,AUTOC_val_t5,AUTOC_se_val_t1,AUTOC_se_val_t2,AUTOC_se_val_t3,AUTOC_se_val_t4,AUTOC_se_val_t5,AUTOC_test_t1,AUTOC_test_t2,AUTOC_test_t3,AUTOC_test_t4,AUTOC_test_t5,AUTOC_se_test_t1,AUTOC_se_test_t2,AUTOC_se_test_t3,AUTOC_se_test_t4,AUTOC_se_test_t5
delta_in_range_fw_7d,Raw (TS2Vec) (+4w lags in control covars),Clustered Embeddings (4),Ensemble,0.05,0.01,0.0008295123438511473,0.002140753869503113,-0.00012664789637449755,-0.0010150017851368188,-0.0011951022640276216,0.0018073843494931915,0.002986351461455695,0.0013939657899984207,0.0025871805166282763,0.0024721207529061276,0.003004410587883939,0.007273869333724085,-0.001213366436371305,0.003307542763655994,0.0022189593660170022,0.001933954128756221,0.003471656076060392,0.0011181944525378985,0.003949176943816564,0.002408317833256053
