outcome,state_rep,action_rep,cate_estimator,p_wins,prop_lb,AUTOC_val_t1,AUTOC_val_t2,AUTOC_val_t3,AUTOC_val_t4,AUTOC_val_t5,AUTOC_se_val_t1,AUTOC_se_val_t2,AUTOC_se_val_t3,AUTOC_se_val_t4,AUTOC_se_val_t5,AUTOC_test_t1,AUTOC_test_t2,AUTOC_test_t3,AUTOC_test_t4,AUTOC_test_t5,AUTOC_se_test_t1,AUTOC_se_test_t2,AUTOC_se_test_t3,AUTOC_se_test_t4,AUTOC_se_test_t5
delta_in_range_fw_7d,Raw (UMAP) (+4w lags in control covars),Expert v3,DRForest,0.05,0.01,9.390270747436232e-05,-0.00329299483246975,0.00019087466453340834,-0.0005921684411010202,0.0002442235864964569,0.0022989552808412436,0.00314446916558191,0.0018131572018598124,0.001993113525013568,0.0024047004186268993,0.0012986687632704737,-0.003542640010726748,0.002919293247592009,0.0014049752580344913,-0.0011039945586158977,0.0029728949376191436,0.0028773871127910212,0.0013132999108916418,0.002189001059704512,0.002753592598473218
