outcome,state_rep,action_rep,cate_estimator,p_wins,prop_lb,AUTOC_val_t1,AUTOC_val_t2,AUTOC_val_t3,AUTOC_val_t4,AUTOC_val_t5,AUTOC_se_val_t1,AUTOC_se_val_t2,AUTOC_se_val_t3,AUTOC_se_val_t4,AUTOC_se_val_t5,AUTOC_test_t1,AUTOC_test_t2,AUTOC_test_t3,AUTOC_test_t4,AUTOC_test_t5,AUTOC_se_test_t1,AUTOC_se_test_t2,AUTOC_se_test_t3,AUTOC_se_test_t4,AUTOC_se_test_t5
delta_in_range_fw_7d,Raw (UMAP) (+1w lags in control covars),Clustered Embeddings (4),TLearner,0.05,0.01,0.0009072287846044507,0.0003163717296008135,0.0025996140201677478,0.0031572172509901557,0.0008263380222769225,0.0015839170601163715,0.003136648059862053,0.0014040448801923876,0.0025249352697234557,0.0019321143646964173,-0.001290396643359579,0.005273831738008701,0.0028669055333501612,0.00332440805641479,0.006399934464901295,0.0019475970030118032,0.0028522243098407316,0.0012312734365495738,0.0027823636304002706,0.00225281761910645
