outcome,state_rep,action_rep,cate_estimator,p_wins,prop_lb,AUTOC_val_t1,AUTOC_val_t2,AUTOC_val_t3,AUTOC_val_t4,AUTOC_val_t5,AUTOC_se_val_t1,AUTOC_se_val_t2,AUTOC_se_val_t3,AUTOC_se_val_t4,AUTOC_se_val_t5,AUTOC_test_t1,AUTOC_test_t2,AUTOC_test_t3,AUTOC_test_t4,AUTOC_test_t5,AUTOC_se_test_t1,AUTOC_se_test_t2,AUTOC_se_test_t3,AUTOC_se_test_t4,AUTOC_se_test_t5
delta_in_range_fw_7d,Raw (UMAP) (+2w lags in control covars),Expert v3,TLearner,0.05,0.01,0.0043400445250732006,-0.0026760637325323375,0.0013903463691806105,0.0018397089041991574,0.00318752192448613,0.001978210231294664,0.0024302642178225388,0.001752610900177919,0.0018893671986555,0.0027734252930974976,0.001829978155540051,-0.0012294327409388506,0.005131904858250182,0.001842977513074998,0.003169348447939826,0.0031472431029514985,0.003536535441412493,0.0013813802957764554,0.001897398282107575,0.0027036295733171758
