outcome,state_rep,action_rep,cate_estimator,p_wins,prop_lb,AUTOC_val_t1,AUTOC_val_t2,AUTOC_val_t3,AUTOC_val_t4,AUTOC_val_t5,AUTOC_se_val_t1,AUTOC_se_val_t2,AUTOC_se_val_t3,AUTOC_se_val_t4,AUTOC_se_val_t5,AUTOC_test_t1,AUTOC_test_t2,AUTOC_test_t3,AUTOC_test_t4,AUTOC_test_t5,AUTOC_se_test_t1,AUTOC_se_test_t2,AUTOC_se_test_t3,AUTOC_se_test_t4,AUTOC_se_test_t5
delta_in_range_fw_7d,Raw (TS2Vec) (+2w lags in control covars),Clustered Embeddings (4),CF,0.05,0.01,0.0042352097152608065,0.0030756589967506653,0.0006493242078284884,-6.780534948711073e-07,0.0012601045135714809,0.0017552325601397074,0.002166600168954658,0.0012897840992375522,0.0026709667202278425,0.0023091665556505465,0.0032638443607046303,0.010426611675065924,-0.00011250252640514322,0.0018821143120072979,-0.0004273005767231446,0.0019683754220214188,0.002900073527210249,0.0011795982933281719,0.002724906520644293,0.0019016976400207592
