outcome,state_rep,action_rep,cate_estimator,p_wins,prop_lb,AUTOC_val_t1,AUTOC_val_t2,AUTOC_se_val_t1,AUTOC_se_val_t2,AUTOC_test_t1,AUTOC_test_t2,AUTOC_se_test_t1,AUTOC_se_test_t2
delta_in_range_fw_7d,TIDE (+4w lags in control covars),Binary (any),Ensemble,0.05,0.01,-0.000661634296651755,-0.000661634296651755,0.0017956411335704953,0.0017956411335704953,0.0005693432726731972,0.0005693432726731972,0.0018895972617353435,0.0018895972617353435
