outcome,state_rep,action_rep,cate_estimator,p_wins,prop_lb,AUTOC_val_t1,AUTOC_val_t2,AUTOC_val_t3,AUTOC_val_t4,AUTOC_val_t5,AUTOC_se_val_t1,AUTOC_se_val_t2,AUTOC_se_val_t3,AUTOC_se_val_t4,AUTOC_se_val_t5,AUTOC_test_t1,AUTOC_test_t2,AUTOC_test_t3,AUTOC_test_t4,AUTOC_test_t5,AUTOC_se_test_t1,AUTOC_se_test_t2,AUTOC_se_test_t3,AUTOC_se_test_t4,AUTOC_se_test_t5
delta_in_range_fw_7d,TIDE (+1w lags in control covars),Expert v3,SLearner,0.05,0.01,0.0017932032673860087,0.008500946608236293,0.013227496589928216,-3.663421828654321e-05,0.009494096669934381,0.0031279240294216737,0.0025848194746914757,0.001332254927616736,0.0019607696970612536,0.003147339448835442,0.0027484344536910853,0.002572341465602867,0.010252725242606207,-0.0004933205255899269,0.005386021606759506,0.003771362985170939,0.0030679990770424103,0.0015254899846202069,0.002343827376263294,0.003306607497345098
