outcome,state_rep,action_rep,cate_estimator,p_wins,prop_lb,AUTOC_val_t1,AUTOC_val_t2,AUTOC_se_val_t1,AUTOC_se_val_t2,AUTOC_test_t1,AUTOC_test_t2,AUTOC_se_test_t1,AUTOC_se_test_t2
delta_in_range_fw_7d,TIDE (+2w lags in control covars),Binary (any),Ensemble,0.05,0.01,0.0002455157092217977,0.0002455157092217977,0.0014459864000726647,0.0014459864000726647,0.002304099870765836,0.002304099870765836,0.0019043546895493283,0.0019043546895493283
