outcome,state_rep,action_rep,cate_estimator,p_wins,prop_lb,AUTOC_val_t1,AUTOC_val_t2,AUTOC_val_t3,AUTOC_val_t4,AUTOC_val_t5,AUTOC_se_val_t1,AUTOC_se_val_t2,AUTOC_se_val_t3,AUTOC_se_val_t4,AUTOC_se_val_t5,AUTOC_test_t1,AUTOC_test_t2,AUTOC_test_t3,AUTOC_test_t4,AUTOC_test_t5,AUTOC_se_test_t1,AUTOC_se_test_t2,AUTOC_se_test_t3,AUTOC_se_test_t4,AUTOC_se_test_t5
delta_in_range_fw_7d,Raw (TS2Vec) (+4w lags in control covars),Clustered Embeddings (4),DRForest,0.05,0.01,0.0005005651845231165,-0.0013746720016267506,0.0001439284508026622,0.0009274635216308191,-0.003830974975393102,0.0016219340392837074,0.0025472671524516383,0.0012379358002461178,0.0028900868201011134,0.002458681021572387,0.005491795410439964,0.00354385402751927,0.0005739844943111794,-0.0028365346402573267,0.0001062837978630956,0.002524725935084179,0.002874468939569353,0.001165348174955428,0.0032693067394776922,0.0030067878614674416
