outcome,state_rep,action_rep,cate_estimator,p_wins,prop_lb,AUTOC_val_t1,AUTOC_val_t2,AUTOC_val_t3,AUTOC_val_t4,AUTOC_val_t5,AUTOC_se_val_t1,AUTOC_se_val_t2,AUTOC_se_val_t3,AUTOC_se_val_t4,AUTOC_se_val_t5,AUTOC_test_t1,AUTOC_test_t2,AUTOC_test_t3,AUTOC_test_t4,AUTOC_test_t5,AUTOC_se_test_t1,AUTOC_se_test_t2,AUTOC_se_test_t3,AUTOC_se_test_t4,AUTOC_se_test_t5
delta_in_range_fw_7d,Raw (TS2Vec) (+2w lags in control covars),Clustered Embeddings (4),DRForest,0.05,0.01,0.0015846860248242497,0.001320990989263353,4.0302390530444795e-06,-0.0006799111445820416,-0.0031017787907910445,0.0013571409908460154,0.002312819800261938,0.0011028371702787516,0.0031579005889562223,0.002521659997712389,0.004414711219582601,0.006578166918145236,0.0006113442320111482,-0.0021255118173033128,0.005080944845248246,0.002438428773348842,0.0026605811893327417,0.001416129081366251,0.0031242097001373337,0.002705851490277521
