outcome,state_rep,action_rep,cate_estimator,p_wins,prop_lb,AUTOC_val_t1,AUTOC_val_t2,AUTOC_val_t3,AUTOC_val_t4,AUTOC_val_t5,AUTOC_se_val_t1,AUTOC_se_val_t2,AUTOC_se_val_t3,AUTOC_se_val_t4,AUTOC_se_val_t5,AUTOC_test_t1,AUTOC_test_t2,AUTOC_test_t3,AUTOC_test_t4,AUTOC_test_t5,AUTOC_se_test_t1,AUTOC_se_test_t2,AUTOC_se_test_t3,AUTOC_se_test_t4,AUTOC_se_test_t5
delta_in_range_fw_7d,TIDE (+3w lags in control covars),Clustered Embeddings (4),SLearner,0.05,0.01,-0.002616858156879177,0.0031929104164888544,0.001857998801323397,0.00553595588052475,0.0018518888512724042,0.002877885100767624,0.0026247507074812085,0.0012465019769878638,0.0022596158908015384,0.002609370029560356,0.0015979167441799844,0.0012857326500842524,0.003846032041282981,0.0008088939165353524,0.0021082546721630895,0.0020933252303422067,0.002925585042933559,0.0010851258562473369,0.0020707064052754723,0.002408863184208834
