outcome,state_rep,action_rep,cate_estimator,p_wins,prop_lb,AUTOC_val_t1,AUTOC_val_t2,AUTOC_val_t3,AUTOC_val_t4,AUTOC_val_t5,AUTOC_se_val_t1,AUTOC_se_val_t2,AUTOC_se_val_t3,AUTOC_se_val_t4,AUTOC_se_val_t5,AUTOC_test_t1,AUTOC_test_t2,AUTOC_test_t3,AUTOC_test_t4,AUTOC_test_t5,AUTOC_se_test_t1,AUTOC_se_test_t2,AUTOC_se_test_t3,AUTOC_se_test_t4,AUTOC_se_test_t5
delta_in_range_fw_7d,Raw (TS2Vec) (+3w lags in control covars),Expert v3,XLearner,0.05,0.01,0.0008559890418734554,0.000876317205938357,0.004161255818097079,-0.00023842774268744744,0.003426913452791652,0.0019062124709047748,0.0027086882222404174,0.0009310729082947872,0.00210943827705566,0.002236191883268799,-0.000756378716538362,0.0010763762693605443,0.004686264845230842,0.004048592097039929,0.003062517488950275,0.003135120967280163,0.0026202817683080456,0.001716405260494757,0.0022116869304394686,0.0022110418094125005
