outcome,state_rep,action_rep,cate_estimator,p_wins,prop_lb,AUTOC_val_t1,AUTOC_val_t2,AUTOC_val_t3,AUTOC_val_t4,AUTOC_val_t5,AUTOC_se_val_t1,AUTOC_se_val_t2,AUTOC_se_val_t3,AUTOC_se_val_t4,AUTOC_se_val_t5,AUTOC_test_t1,AUTOC_test_t2,AUTOC_test_t3,AUTOC_test_t4,AUTOC_test_t5,AUTOC_se_test_t1,AUTOC_se_test_t2,AUTOC_se_test_t3,AUTOC_se_test_t4,AUTOC_se_test_t5
delta_in_range_fw_7d,Raw (TS2Vec) (+1w lags in control covars),Expert v3,TLearner,0.05,0.01,-0.003557174775009743,0.001560033332194803,0.005826938377537269,-0.0005378543742121943,-3.076569473877736e-05,0.0024002508473545702,0.0026155750897108236,0.0009730863122946304,0.002181239362683885,0.002189511897258214,0.0010883207163490418,0.0007693567308661382,0.0057400078004097585,0.003489035863069927,0.0034648839023278333,0.0029980969352505498,0.002941914899088312,0.002004731296283429,0.002382709240279738,0.002428463189916811
