outcome,state_rep,action_rep,cate_estimator,p_wins,prop_lb,AUTOC_val_t1,AUTOC_val_t2,AUTOC_val_t3,AUTOC_val_t4,AUTOC_val_t5,AUTOC_se_val_t1,AUTOC_se_val_t2,AUTOC_se_val_t3,AUTOC_se_val_t4,AUTOC_se_val_t5,AUTOC_test_t1,AUTOC_test_t2,AUTOC_test_t3,AUTOC_test_t4,AUTOC_test_t5,AUTOC_se_test_t1,AUTOC_se_test_t2,AUTOC_se_test_t3,AUTOC_se_test_t4,AUTOC_se_test_t5
delta_in_range_fw_7d,TIDE (+2w lags in control covars),Clustered Embeddings (4),TLearner,0.05,0.01,-0.0011718136416439418,0.0013571716511745588,0.01189047955944279,0.008847956686376935,0.007523532600177766,0.0025791988081802337,0.002961940521105576,0.0013700053156168747,0.0030095049392865124,0.0024221155344439174,0.0013896948085962875,0.0034074570550497495,0.01325220603958716,0.0009451707427212533,0.005362795881865546,0.002013225741724871,0.0032883048941621707,0.0014950607929664558,0.002637056857987161,0.0023228277788002022
