outcome,state_rep,action_rep,cate_estimator,p_wins,prop_lb,AUTOC_val_t1,AUTOC_val_t2,AUTOC_val_t3,AUTOC_val_t4,AUTOC_val_t5,AUTOC_se_val_t1,AUTOC_se_val_t2,AUTOC_se_val_t3,AUTOC_se_val_t4,AUTOC_se_val_t5,AUTOC_test_t1,AUTOC_test_t2,AUTOC_test_t3,AUTOC_test_t4,AUTOC_test_t5,AUTOC_se_test_t1,AUTOC_se_test_t2,AUTOC_se_test_t3,AUTOC_se_test_t4,AUTOC_se_test_t5
delta_in_range_fw_7d,Raw (UMAP) (+1w lags in control covars),Expert v3,Ensemble,0.05,0.01,0.002582168147858195,-0.0013591048825228587,0.00324773302498968,0.0012456681317332338,0.0019650053799926902,0.0021516147927823524,0.002300424698858699,0.0016577053872822948,0.0018816002595001683,0.0024515532758857196,-0.000417509181778048,-0.0025763606697200175,0.00647675360193457,0.0032477842916357478,2.3980657702413318e-05,0.0032843348538654413,0.0031819797951296055,0.0013870495875139021,0.0018859881464447347,0.0022733892555125584
