outcome,state_rep,action_rep,cate_estimator,p_wins,prop_lb,AUTOC_val_t1,AUTOC_val_t2,AUTOC_val_t3,AUTOC_val_t4,AUTOC_val_t5,AUTOC_se_val_t1,AUTOC_se_val_t2,AUTOC_se_val_t3,AUTOC_se_val_t4,AUTOC_se_val_t5,AUTOC_test_t1,AUTOC_test_t2,AUTOC_test_t3,AUTOC_test_t4,AUTOC_test_t5,AUTOC_se_test_t1,AUTOC_se_test_t2,AUTOC_se_test_t3,AUTOC_se_test_t4,AUTOC_se_test_t5
delta_in_range_fw_7d,Raw (UMAP) (+1w lags in control covars),Clustered Embeddings (4),DRForest,0.05,0.01,-0.0007300794615743846,0.0004975276216955387,0.00013680562224597438,0.0015840671281788907,0.0004998829197286628,0.0016942035485914067,0.003455944145667533,0.0015470910326622546,0.0023383498176287165,0.002633396675145012,-0.003889574802919261,0.0077563581291179035,0.002040297042603974,-0.0002670437721107957,0.004014872722745451,0.0021309472838986973,0.0027161171160974763,0.0009808427220869948,0.0032251002582869624,0.002615435579996112
