outcome,state_rep,action_rep,cate_estimator,p_wins,prop_lb,AUTOC_val_t1,AUTOC_val_t2,AUTOC_val_t3,AUTOC_val_t4,AUTOC_val_t5,AUTOC_se_val_t1,AUTOC_se_val_t2,AUTOC_se_val_t3,AUTOC_se_val_t4,AUTOC_se_val_t5,AUTOC_test_t1,AUTOC_test_t2,AUTOC_test_t3,AUTOC_test_t4,AUTOC_test_t5,AUTOC_se_test_t1,AUTOC_se_test_t2,AUTOC_se_test_t3,AUTOC_se_test_t4,AUTOC_se_test_t5
delta_in_range_fw_7d,TIDE (+2w lags in control covars),Clustered Embeddings (4),CF,0.05,0.01,-0.002825079703668977,0.002760556834168655,0.005972620502974209,0.008356703118304065,0.0042262114940543345,0.0024576139334515925,0.0029276585105424066,0.0016344812297516456,0.0030803873980746093,0.0017515300316036403,0.00035675668491348027,0.0023966191139819775,0.006496387292613289,0.0009445435664080731,0.0010328027548029452,0.0025753430326903846,0.0033631855492822845,0.0016963689544870718,0.0031943666288491643,0.002360232066914128
