outcome,state_rep,action_rep,cate_estimator,p_wins,prop_lb,AUTOC_val_t1,AUTOC_val_t2,AUTOC_val_t3,AUTOC_val_t4,AUTOC_val_t5,AUTOC_se_val_t1,AUTOC_se_val_t2,AUTOC_se_val_t3,AUTOC_se_val_t4,AUTOC_se_val_t5,AUTOC_test_t1,AUTOC_test_t2,AUTOC_test_t3,AUTOC_test_t4,AUTOC_test_t5,AUTOC_se_test_t1,AUTOC_se_test_t2,AUTOC_se_test_t3,AUTOC_se_test_t4,AUTOC_se_test_t5
delta_in_range_fw_7d,Raw (UMAP) (+1w lags in control covars),Clustered Embeddings (4),Ensemble,0.05,0.01,0.00010789578098735283,0.00023601972554753966,0.002303516479119129,0.0027161834384195806,0.001447031911191917,0.0015974379577682895,0.0033646274177644465,0.0015327715041072677,0.002111919170886009,0.002328396123039995,-0.0022948806620545965,0.006457528136891074,0.002733054292933405,0.0012635958231618574,0.005127324423489847,0.0019443821178061712,0.002745007203621994,0.0013063712006537625,0.0030886555831915216,0.0023821715524038043
