outcome,state_rep,action_rep,cate_estimator,p_wins,prop_lb,AUTOC_val_t1,AUTOC_val_t2,AUTOC_val_t3,AUTOC_val_t4,AUTOC_val_t5,AUTOC_se_val_t1,AUTOC_se_val_t2,AUTOC_se_val_t3,AUTOC_se_val_t4,AUTOC_se_val_t5,AUTOC_test_t1,AUTOC_test_t2,AUTOC_test_t3,AUTOC_test_t4,AUTOC_test_t5,AUTOC_se_test_t1,AUTOC_se_test_t2,AUTOC_se_test_t3,AUTOC_se_test_t4,AUTOC_se_test_t5
delta_in_range_fw_7d,TIDE (+4w lags in control covars),Clustered Embeddings (4),DRForest,0.05,0.01,-0.00413130666452562,0.0029019009207953144,0.004762675280937509,0.007389701146696201,-0.0005014338206315918,0.002572265062695358,0.0031527503668495127,0.0012970107307250071,0.0027666919711966014,0.0023109606083326476,0.0020101017038566178,-0.0010533573055382613,0.006566997929223236,-0.001310088759018436,-0.0006912987064253015,0.0023005385660526145,0.00412434067385984,0.0013794105477122494,0.002846757428465441,0.002123542764210955
