outcome,state_rep,action_rep,cate_estimator,p_wins,prop_lb,AUTOC_val_t1,AUTOC_val_t2,AUTOC_se_val_t1,AUTOC_se_val_t2,AUTOC_test_t1,AUTOC_test_t2,AUTOC_se_test_t1,AUTOC_se_test_t2
delta_in_range_fw_7d,TIDE (+3w lags in control covars),Binary (any),Ensemble,0.05,0.01,-0.0006853986745900913,-0.0006853986745900913,0.0016045342029924108,0.0016045342029924108,0.0013469470275078023,0.0013469470275078023,0.0017760163596945763,0.0017760163596945763
