outcome,state_rep,action_rep,cate_estimator,p_wins,prop_lb,AUTOC_val_t1,AUTOC_val_t2,AUTOC_val_t3,AUTOC_val_t4,AUTOC_val_t5,AUTOC_se_val_t1,AUTOC_se_val_t2,AUTOC_se_val_t3,AUTOC_se_val_t4,AUTOC_se_val_t5,AUTOC_test_t1,AUTOC_test_t2,AUTOC_test_t3,AUTOC_test_t4,AUTOC_test_t5,AUTOC_se_test_t1,AUTOC_se_test_t2,AUTOC_se_test_t3,AUTOC_se_test_t4,AUTOC_se_test_t5
delta_in_range_fw_7d,TIDE (+2w lags in control covars),Expert v3,DRForest,0.05,0.01,-0.002930958010450501,0.00010733911036350249,0.00241931953924775,0.0037739551993545167,-0.0005420918729055371,0.003169321902845504,0.003290576586736662,0.00178951933987669,0.0018975905177357718,0.002846805200627667,-0.0029592672592739463,-0.0030472319523658447,0.0050531928827327885,0.0012948204036931073,-0.0005400542752884174,0.00334836046269916,0.0034347626970902996,0.002281900377038036,0.0028300367993855918,0.002843683290978892
