outcome,state_rep,action_rep,cate_estimator,p_wins,prop_lb,AUTOC_val_t1,AUTOC_val_t2,AUTOC_val_t3,AUTOC_val_t4,AUTOC_val_t5,AUTOC_se_val_t1,AUTOC_se_val_t2,AUTOC_se_val_t3,AUTOC_se_val_t4,AUTOC_se_val_t5,AUTOC_test_t1,AUTOC_test_t2,AUTOC_test_t3,AUTOC_test_t4,AUTOC_test_t5,AUTOC_se_test_t1,AUTOC_se_test_t2,AUTOC_se_test_t3,AUTOC_se_test_t4,AUTOC_se_test_t5
delta_in_range_fw_7d,TIDE (+2w lags in control covars),Expert v3,TLearner,0.05,0.01,-0.0013640758738225306,0.00552951697420716,0.013286067635036489,0.0008368620865626135,0.012074055676640341,0.0032395087403508274,0.002055949682959273,0.0013397095457194446,0.001928075275524254,0.001997079101696319,4.9798007811719635e-05,0.001175098123951591,0.012973850805328686,-0.00036350604256636996,0.009189881948756919,0.0037620546166006754,0.0031889233246875834,0.0013906910921532632,0.0023920666542110425,0.0023725167802525417
