outcome,state_rep,action_rep,cate_estimator,p_wins,prop_lb,AUTOC_val_t1,AUTOC_val_t2,AUTOC_val_t3,AUTOC_val_t4,AUTOC_val_t5,AUTOC_se_val_t1,AUTOC_se_val_t2,AUTOC_se_val_t3,AUTOC_se_val_t4,AUTOC_se_val_t5,AUTOC_test_t1,AUTOC_test_t2,AUTOC_test_t3,AUTOC_test_t4,AUTOC_test_t5,AUTOC_se_test_t1,AUTOC_se_test_t2,AUTOC_se_test_t3,AUTOC_se_test_t4,AUTOC_se_test_t5
delta_in_range_fw_7d,TIDE (+2w lags in control covars),Expert v3,SLearner,0.05,0.01,-0.00316255024599781,0.0064629249253793175,0.007228703258891469,0.002109729415203,0.003970679332559222,0.003316038803910569,0.002880490978425918,0.0014984658915185765,0.0017396069932536645,0.0020046302543403815,-0.001102186841121255,0.0038494393382798933,0.006590166787611751,0.0009108785276859388,0.003210100222054907,0.004141141035044211,0.0030579155153524482,0.0017960965979200454,0.0027558587179340745,0.0029346027818618367
