outcome,state_rep,action_rep,cate_estimator,p_wins,prop_lb,AUTOC_val_t1,AUTOC_val_t2,AUTOC_val_t3,AUTOC_val_t4,AUTOC_val_t5,AUTOC_se_val_t1,AUTOC_se_val_t2,AUTOC_se_val_t3,AUTOC_se_val_t4,AUTOC_se_val_t5,AUTOC_test_t1,AUTOC_test_t2,AUTOC_test_t3,AUTOC_test_t4,AUTOC_test_t5,AUTOC_se_test_t1,AUTOC_se_test_t2,AUTOC_se_test_t3,AUTOC_se_test_t4,AUTOC_se_test_t5
delta_in_range_fw_7d,TIDE (+4w lags in control covars),Expert v3,CF,0.05,0.01,-0.007078836914474595,0.003933428937865659,0.0038000388854920997,0.0013018959413082835,0.005899830541146636,0.003320001873793177,0.002323555148664117,0.0010830078793648528,0.0019146493996132676,0.0015505164429006372,-0.004209276634100281,0.0013149346450730033,0.002688601065385787,0.0032407149384300407,0.006487537972422742,0.003490957689408127,0.0027234561550775567,0.0015428236290897079,0.0022173500188903037,0.0016560430496640201
