outcome,state_rep,action_rep,cate_estimator,p_wins,prop_lb,AUTOC_val_t1,AUTOC_val_t2,AUTOC_val_t3,AUTOC_val_t4,AUTOC_val_t5,AUTOC_se_val_t1,AUTOC_se_val_t2,AUTOC_se_val_t3,AUTOC_se_val_t4,AUTOC_se_val_t5,AUTOC_test_t1,AUTOC_test_t2,AUTOC_test_t3,AUTOC_test_t4,AUTOC_test_t5,AUTOC_se_test_t1,AUTOC_se_test_t2,AUTOC_se_test_t3,AUTOC_se_test_t4,AUTOC_se_test_t5
delta_in_range_fw_7d,TIDE (+1w lags in control covars),Clustered Embeddings (4),Ensemble,0.05,0.01,0.0008666768197685096,0.0014137787730396022,0.013530801386405486,0.008538483382895382,0.005687763182984563,0.0025975414156938445,0.0031809062916902525,0.0016109133838139702,0.0031449684672904053,0.0021923489936136547,0.0017190723679641803,0.0024924666594566738,0.014815415171327328,-0.00029320197059771005,0.004941599528951377,0.0021419038762109373,0.0034696258624600405,0.0015254660611184892,0.002307607977577812,0.002159154650057881
