outcome,state_rep,action_rep,cate_estimator,p_wins,prop_lb,AUTOC_val_t1,AUTOC_val_t2,AUTOC_se_val_t1,AUTOC_se_val_t2,AUTOC_test_t1,AUTOC_test_t2,AUTOC_se_test_t1,AUTOC_se_test_t2
delta_in_range_fw_7d,TIDE (+4w lags in control covars),Binary (any),TLearner,0.05,0.01,0.00010649094009489546,0.00010649094009489546,0.0018794836418512884,0.0018794836418512884,-0.001808281004200515,-0.001808281004200515,0.0017178849103341705,0.0017178849103341705
