outcome,state_rep,action_rep,cate_estimator,p_wins,prop_lb,AUTOC_val_t1,AUTOC_val_t2,AUTOC_val_t3,AUTOC_val_t4,AUTOC_val_t5,AUTOC_se_val_t1,AUTOC_se_val_t2,AUTOC_se_val_t3,AUTOC_se_val_t4,AUTOC_se_val_t5,AUTOC_test_t1,AUTOC_test_t2,AUTOC_test_t3,AUTOC_test_t4,AUTOC_test_t5,AUTOC_se_test_t1,AUTOC_se_test_t2,AUTOC_se_test_t3,AUTOC_se_test_t4,AUTOC_se_test_t5
delta_in_range_fw_7d,Raw (TS2Vec) (+4w lags in control covars),Expert v3,XLearner,0.05,0.01,-0.0022234211442276938,0.0025245115719545537,0.004026583367114635,0.00014548917121860375,0.004060151803112534,0.0022611672584976392,0.0024191059870452636,0.0010393821012000897,0.002106677463910693,0.001909727989695917,-0.0012234415298558617,0.0021108757334730335,0.0041694757555653635,0.003776870187796707,0.003360797313364367,0.0035049598176354604,0.002509824944546915,0.0018562180418069145,0.0021682529274996737,0.0023952252657559008
