outcome,state_rep,action_rep,cate_estimator,p_wins,prop_lb,AUTOC_val_t1,AUTOC_val_t2,AUTOC_val_t3,AUTOC_val_t4,AUTOC_val_t5,AUTOC_se_val_t1,AUTOC_se_val_t2,AUTOC_se_val_t3,AUTOC_se_val_t4,AUTOC_se_val_t5,AUTOC_test_t1,AUTOC_test_t2,AUTOC_test_t3,AUTOC_test_t4,AUTOC_test_t5,AUTOC_se_test_t1,AUTOC_se_test_t2,AUTOC_se_test_t3,AUTOC_se_test_t4,AUTOC_se_test_t5
delta_in_range_fw_7d,TIDE (+1w lags in control covars),Expert v3,TLearner,0.05,0.01,0.002481823320429162,0.008511917098814058,0.0159674123029943,-0.000927243231871801,0.013698153893172041,0.0031969967955979162,0.0024003607520765207,0.00131488533253429,0.001988765974229841,0.002207132864884649,0.0019645888760841924,0.003510109325611041,0.014338745332105319,-0.0007969761838067812,0.008793420917323866,0.0037807580511105524,0.0033275077917716573,0.0011535979214236725,0.0020972101782656205,0.0027825016426937747
