outcome,state_rep,action_rep,cate_estimator,p_wins,prop_lb,AUTOC_val_t1,AUTOC_val_t2,AUTOC_val_t3,AUTOC_val_t4,AUTOC_val_t5,AUTOC_se_val_t1,AUTOC_se_val_t2,AUTOC_se_val_t3,AUTOC_se_val_t4,AUTOC_se_val_t5,AUTOC_test_t1,AUTOC_test_t2,AUTOC_test_t3,AUTOC_test_t4,AUTOC_test_t5,AUTOC_se_test_t1,AUTOC_se_test_t2,AUTOC_se_test_t3,AUTOC_se_test_t4,AUTOC_se_test_t5
delta_in_range_fw_7d,Raw (TS2Vec) (+4w lags in control covars),Expert v3,CF,0.05,0.01,-0.001034780418591279,-0.0005444038005242668,0.0015558947846571703,-0.00021273355300916247,0.005564105295935226,0.0026565895022390273,0.0025881227475925647,0.001849049949591149,0.0018130617843189786,0.0019941195014592347,0.0009788477693297051,0.004971769924582928,0.005002539705833737,0.006431201021797841,0.007305278448430627,0.0037769303740982315,0.0028594965109137904,0.0019493593700076924,0.002661678406896625,0.002533592142377025
