outcome,state_rep,action_rep,cate_estimator,p_wins,prop_lb,AUTOC_val_t1,AUTOC_val_t2,AUTOC_val_t3,AUTOC_val_t4,AUTOC_val_t5,AUTOC_se_val_t1,AUTOC_se_val_t2,AUTOC_se_val_t3,AUTOC_se_val_t4,AUTOC_se_val_t5,AUTOC_test_t1,AUTOC_test_t2,AUTOC_test_t3,AUTOC_test_t4,AUTOC_test_t5,AUTOC_se_test_t1,AUTOC_se_test_t2,AUTOC_se_test_t3,AUTOC_se_test_t4,AUTOC_se_test_t5
delta_in_range_fw_7d,TIDE (+1w lags in control covars),Expert v3,Ensemble,0.05,0.01,0.0006318457101982169,0.006974715830586648,0.014996736644442886,0.0009425713340428546,0.011254100986076888,0.00325471474596815,0.002241524163243114,0.0015727887195642518,0.0021547842161120196,0.002564218913912885,0.0006539309350630584,0.0014040883724187388,0.013465789815293967,-0.000961423459829989,0.004156124059379563,0.004142078672787476,0.003258222018925088,0.0013503322891194487,0.0024495339374286202,0.003747550976240549
