outcome,state_rep,action_rep,cate_estimator,p_wins,prop_lb,AUTOC_val_t1,AUTOC_val_t2,AUTOC_val_t3,AUTOC_val_t4,AUTOC_val_t5,AUTOC_se_val_t1,AUTOC_se_val_t2,AUTOC_se_val_t3,AUTOC_se_val_t4,AUTOC_se_val_t5,AUTOC_test_t1,AUTOC_test_t2,AUTOC_test_t3,AUTOC_test_t4,AUTOC_test_t5,AUTOC_se_test_t1,AUTOC_se_test_t2,AUTOC_se_test_t3,AUTOC_se_test_t4,AUTOC_se_test_t5
delta_in_range_fw_7d,Raw (UMAP) (+4w lags in control covars),Clustered Embeddings (4),CF,0.05,0.01,-0.004294844968518384,0.0013752686175443004,0.0016820575636196258,0.001712741783873488,0.003281186145513039,0.0019301341211217658,0.0040485617331346676,0.001392874008548671,0.0018484856005108595,0.0025780165735327506,-0.0003737905454180187,0.007468151820456437,0.0018598436903161232,0.003320158077192586,0.004471108693492764,0.0020471806856401454,0.0028329241026603443,0.0009607722456947234,0.0030287881754428726,0.0023258028425062103
