outcome,state_rep,action_rep,cate_estimator,p_wins,prop_lb,AUTOC_val_t1,AUTOC_val_t2,AUTOC_val_t3,AUTOC_val_t4,AUTOC_val_t5,AUTOC_se_val_t1,AUTOC_se_val_t2,AUTOC_se_val_t3,AUTOC_se_val_t4,AUTOC_se_val_t5,AUTOC_test_t1,AUTOC_test_t2,AUTOC_test_t3,AUTOC_test_t4,AUTOC_test_t5,AUTOC_se_test_t1,AUTOC_se_test_t2,AUTOC_se_test_t3,AUTOC_se_test_t4,AUTOC_se_test_t5
delta_in_range_fw_7d,Raw (UMAP) (+3w lags in control covars),Expert v3,DRForest,0.05,0.01,0.0036006696415771308,-0.0021224159729210266,0.0008300104494732459,0.0010123809456780877,0.0021072580129551594,0.0023279101654905348,0.00269967931663409,0.0015405254889367351,0.0020057395458531187,0.002753571225578501,-0.0004540970102733014,-0.0035619820625111534,0.0025632771993054295,0.0025578052561768035,-0.0005862997808858073,0.0028119061457994284,0.0035134578083920163,0.001537525121268851,0.002035505454673421,0.002604762127721063
