outcome,state_rep,action_rep,cate_estimator,p_wins,prop_lb,AUTOC_val_t1,AUTOC_val_t2,AUTOC_val_t3,AUTOC_val_t4,AUTOC_val_t5,AUTOC_se_val_t1,AUTOC_se_val_t2,AUTOC_se_val_t3,AUTOC_se_val_t4,AUTOC_se_val_t5,AUTOC_test_t1,AUTOC_test_t2,AUTOC_test_t3,AUTOC_test_t4,AUTOC_test_t5,AUTOC_se_test_t1,AUTOC_se_test_t2,AUTOC_se_test_t3,AUTOC_se_test_t4,AUTOC_se_test_t5
delta_in_range_fw_7d,TIDE (+1w lags in control covars),Clustered Embeddings (4),SLearner,0.05,0.01,0.0023035377857290327,0.0011942995823892313,0.008283271358046835,0.0065491362232062665,0.0034071749645817897,0.0027785510132345187,0.0032587730227341114,0.0016854086350747265,0.002942550049023059,0.0022220729400634623,0.003330034389078884,0.0016974789860617658,0.009263304180495688,0.0006947655837365751,0.002535455880103174,0.00204618099947482,0.0033603448689705044,0.0012550486354756811,0.0019050035218739624,0.0022751744589716385
