outcome,state_rep,action_rep,cate_estimator,p_wins,prop_lb,AUTOC_val_t1,AUTOC_val_t2,AUTOC_val_t3,AUTOC_val_t4,AUTOC_val_t5,AUTOC_se_val_t1,AUTOC_se_val_t2,AUTOC_se_val_t3,AUTOC_se_val_t4,AUTOC_se_val_t5,AUTOC_test_t1,AUTOC_test_t2,AUTOC_test_t3,AUTOC_test_t4,AUTOC_test_t5,AUTOC_se_test_t1,AUTOC_se_test_t2,AUTOC_se_test_t3,AUTOC_se_test_t4,AUTOC_se_test_t5
delta_in_range_fw_7d,Raw (UMAP) (+1w lags in control covars),Clustered Embeddings (4),XLearner,0.05,0.01,-0.0008069271852694157,0.001284352684429698,0.0015637895218836289,0.002864330762349791,-3.695256648215018e-05,0.0017015743844994748,0.0035011261537382164,0.0016910049065781117,0.002512457778251857,0.0019656670610211906,-0.0018797662920873998,0.007409969734510342,0.0026955906692473536,0.0010041152035753721,0.0034580749385564086,0.0019306666428337365,0.0026193107994066725,0.0014109716783820248,0.0030958407344429434,0.0028364123532006497
