outcome,state_rep,action_rep,cate_estimator,p_wins,prop_lb,AUTOC_val_t1,AUTOC_val_t2,AUTOC_val_t3,AUTOC_val_t4,AUTOC_val_t5,AUTOC_se_val_t1,AUTOC_se_val_t2,AUTOC_se_val_t3,AUTOC_se_val_t4,AUTOC_se_val_t5,AUTOC_test_t1,AUTOC_test_t2,AUTOC_test_t3,AUTOC_test_t4,AUTOC_test_t5,AUTOC_se_test_t1,AUTOC_se_test_t2,AUTOC_se_test_t3,AUTOC_se_test_t4,AUTOC_se_test_t5
delta_in_range_fw_7d,TIDE (+2w lags in control covars),Clustered Embeddings (4),XLearner,0.05,0.01,-0.00352900467306375,0.001987472457886966,0.01133172319557843,0.00793655838129448,0.004886857559202649,0.0023725393676282524,0.0027854804621951553,0.0014365395563361238,0.0034304560629746564,0.0019564576498458486,0.0012525182964104322,0.004183451787240506,0.011593429668926113,0.0006725959069538968,0.004411058630890368,0.002223355707268162,0.003007787115061619,0.0018468511779203291,0.003907866568113313,0.0024671266053357924
