outcome,state_rep,action_rep,cate_estimator,p_wins,prop_lb,AUTOC_val_t1,AUTOC_val_t2,AUTOC_val_t3,AUTOC_val_t4,AUTOC_val_t5,AUTOC_se_val_t1,AUTOC_se_val_t2,AUTOC_se_val_t3,AUTOC_se_val_t4,AUTOC_se_val_t5,AUTOC_test_t1,AUTOC_test_t2,AUTOC_test_t3,AUTOC_test_t4,AUTOC_test_t5,AUTOC_se_test_t1,AUTOC_se_test_t2,AUTOC_se_test_t3,AUTOC_se_test_t4,AUTOC_se_test_t5
delta_in_range_fw_7d,TIDE (+2w lags in control covars),Expert v3,CF,0.05,0.01,-0.005495329803406806,0.002470117855164992,0.008650643762218819,0.0021862161219054245,0.011415305242358247,0.0037115330388703418,0.002645221050450223,0.0012492612626864572,0.0018836805587039741,0.001484119992572899,-0.0008302741885230669,-0.0013213167381619902,0.00725177172228155,0.002572003618649833,0.010002307964600795,0.002927677770513592,0.003358628787789606,0.0017632079637935282,0.0026754120800920075,0.001735319416107259
