outcome,state_rep,action_rep,cate_estimator,p_wins,prop_lb,AUTOC_val_t1,AUTOC_val_t2,AUTOC_val_t3,AUTOC_val_t4,AUTOC_val_t5,AUTOC_se_val_t1,AUTOC_se_val_t2,AUTOC_se_val_t3,AUTOC_se_val_t4,AUTOC_se_val_t5,AUTOC_test_t1,AUTOC_test_t2,AUTOC_test_t3,AUTOC_test_t4,AUTOC_test_t5,AUTOC_se_test_t1,AUTOC_se_test_t2,AUTOC_se_test_t3,AUTOC_se_test_t4,AUTOC_se_test_t5
delta_in_range_fw_7d,Raw (UMAP) (+2w lags in control covars),Expert v3,XLearner,0.05,0.01,0.001386331658524581,-0.0013031337900887504,0.0030053519833807955,0.0008780788997878851,-0.0003161596534354031,0.0024083170238587766,0.0028092956909927616,0.002359122995801062,0.0019035050894232212,0.0029010338900316924,0.00032082773084266236,-0.003420125732290129,0.00803169490511908,0.00340882562792355,0.0004268968816814712,0.0030640447721720283,0.003448708826510183,0.0015910331687889242,0.0016967446067312371,0.0031539364639301174
