outcome,state_rep,action_rep,cate_estimator,p_wins,prop_lb,AUTOC_val_t1,AUTOC_val_t2,AUTOC_val_t3,AUTOC_val_t4,AUTOC_val_t5,AUTOC_se_val_t1,AUTOC_se_val_t2,AUTOC_se_val_t3,AUTOC_se_val_t4,AUTOC_se_val_t5,AUTOC_test_t1,AUTOC_test_t2,AUTOC_test_t3,AUTOC_test_t4,AUTOC_test_t5,AUTOC_se_test_t1,AUTOC_se_test_t2,AUTOC_se_test_t3,AUTOC_se_test_t4,AUTOC_se_test_t5
delta_in_range_fw_7d,TIDE (+4w lags in control covars),Clustered Embeddings (4),CF,0.05,0.01,-0.004840757283195942,0.002732648930649929,0.0025450300126700133,0.009040296370559538,0.001856685514607628,0.002524017755269626,0.0035647146772042363,0.0015214448050634877,0.002823252110102475,0.0017147960232944475,-0.0017752332668595347,0.001712202304288701,0.0032551259837359384,0.0022135800082935023,0.0003193579717619551,0.0024451136419746874,0.004050980456304132,0.0014047314727185275,0.0025442660856077382,0.0017656192885661009
