outcome,state_rep,action_rep,cate_estimator,p_wins,prop_lb,AUTOC_val_t1,AUTOC_val_t2,AUTOC_se_val_t1,AUTOC_se_val_t2,AUTOC_test_t1,AUTOC_test_t2,AUTOC_se_test_t1,AUTOC_se_test_t2
delta_in_range_fw_7d,TIDE (+2w lags in control covars),Binary (any),SLearner,0.05,0.01,-0.0010678929461227563,-0.0010678929461227563,0.0016431318517403496,0.0016431318517403496,0.0018970733534863409,0.0018970733534863409,0.0017841446620348671,0.0017841446620348671
