outcome,state_rep,action_rep,cate_estimator,p_wins,prop_lb,AUTOC_val_t1,AUTOC_val_t2,AUTOC_val_t3,AUTOC_val_t4,AUTOC_val_t5,AUTOC_se_val_t1,AUTOC_se_val_t2,AUTOC_se_val_t3,AUTOC_se_val_t4,AUTOC_se_val_t5,AUTOC_test_t1,AUTOC_test_t2,AUTOC_test_t3,AUTOC_test_t4,AUTOC_test_t5,AUTOC_se_test_t1,AUTOC_se_test_t2,AUTOC_se_test_t3,AUTOC_se_test_t4,AUTOC_se_test_t5
delta_in_range_fw_7d,Raw (UMAP) (+4w lags in control covars),Clustered Embeddings (4),SLearner,0.05,0.01,0.0001361790598474913,0.0007784252914369054,0.002007293906723742,0.0018926644099695636,0.0009920535479632866,0.0018827663487067554,0.0029177701767034983,0.0012826443344710484,0.002502859840944915,0.001926411318042323,-0.0003705899898576999,0.0020203628249531587,0.0020390585026984318,0.0052188544795183246,0.004276998702992686,0.0022455030887446594,0.0033091739698970163,0.001066228119103411,0.003263882482412856,0.0027206937707645947
