outcome,state_rep,action_rep,cate_estimator,p_wins,prop_lb,AUTOC_val_t1,AUTOC_val_t2,AUTOC_val_t3,AUTOC_val_t4,AUTOC_val_t5,AUTOC_se_val_t1,AUTOC_se_val_t2,AUTOC_se_val_t3,AUTOC_se_val_t4,AUTOC_se_val_t5,AUTOC_test_t1,AUTOC_test_t2,AUTOC_test_t3,AUTOC_test_t4,AUTOC_test_t5,AUTOC_se_test_t1,AUTOC_se_test_t2,AUTOC_se_test_t3,AUTOC_se_test_t4,AUTOC_se_test_t5
delta_in_range_fw_7d,Raw (UMAP) (+3w lags in control covars),Expert v3,XLearner,0.05,0.01,0.0031462754336826146,-0.0012937232982768493,0.0013820711953792474,7.400247333639116e-05,0.0001563941515410439,0.0024364329277633437,0.002306450552007108,0.002000813664261762,0.001803851686670086,0.0024219565334801,0.0017463100120033558,-0.0030436982657263273,0.006224072611973033,0.0036894664665596275,0.0008861490912484185,0.002927018716275308,0.0032341882145889987,0.0016551869314247929,0.00185058552812903,0.002770497833283463
