outcome,state_rep,action_rep,cate_estimator,p_wins,prop_lb,AUTOC_val_t1,AUTOC_val_t2,AUTOC_val_t3,AUTOC_val_t4,AUTOC_val_t5,AUTOC_se_val_t1,AUTOC_se_val_t2,AUTOC_se_val_t3,AUTOC_se_val_t4,AUTOC_se_val_t5,AUTOC_test_t1,AUTOC_test_t2,AUTOC_test_t3,AUTOC_test_t4,AUTOC_test_t5,AUTOC_se_test_t1,AUTOC_se_test_t2,AUTOC_se_test_t3,AUTOC_se_test_t4,AUTOC_se_test_t5
delta_in_range_fw_7d,Raw (UMAP) (+3w lags in control covars),Expert v3,CF,0.05,0.01,0.0015153998926354347,-0.003248015910992983,0.0004651212483505165,0.0022616411185233058,0.0009548716883721587,0.0024450433761766073,0.0026384543470719954,0.0017806296224635995,0.002190256068571682,0.002152431525447641,0.0013676762350186423,-0.0004421247303589854,0.0034577459875268987,0.0027049023538018814,0.004961473311028403,0.0028923448093679076,0.0028466884401746563,0.0012759091271057617,0.0019147641975115345,0.0019834282384585916
