outcome,state_rep,action_rep,cate_estimator,p_wins,prop_lb,AUTOC_val_t1,AUTOC_val_t2,AUTOC_val_t3,AUTOC_val_t4,AUTOC_val_t5,AUTOC_se_val_t1,AUTOC_se_val_t2,AUTOC_se_val_t3,AUTOC_se_val_t4,AUTOC_se_val_t5,AUTOC_test_t1,AUTOC_test_t2,AUTOC_test_t3,AUTOC_test_t4,AUTOC_test_t5,AUTOC_se_test_t1,AUTOC_se_test_t2,AUTOC_se_test_t3,AUTOC_se_test_t4,AUTOC_se_test_t5
delta_in_range_fw_7d,Raw (TS2Vec) (+3w lags in control covars),Expert v3,SLearner,0.05,0.01,-0.001527467340414595,0.0012237843241646596,0.0003924649002483881,0.00024172360147809314,0.00023594455532476992,0.002544658153665551,0.0028816760696068157,0.0014308801459899745,0.0020120611410228066,0.0027683725418499554,0.005096981989224998,0.0007723783763394945,0.0010578029504953932,0.006462631671455947,0.00362266432753561,0.0027463421347969355,0.0026298478879829387,0.0015117808526772711,0.0021147375270561606,0.0024070856483672555
