outcome,state_rep,action_rep,cate_estimator,p_wins,prop_lb,AUTOC_val_t1,AUTOC_val_t2,AUTOC_val_t3,AUTOC_val_t4,AUTOC_val_t5,AUTOC_se_val_t1,AUTOC_se_val_t2,AUTOC_se_val_t3,AUTOC_se_val_t4,AUTOC_se_val_t5,AUTOC_test_t1,AUTOC_test_t2,AUTOC_test_t3,AUTOC_test_t4,AUTOC_test_t5,AUTOC_se_test_t1,AUTOC_se_test_t2,AUTOC_se_test_t3,AUTOC_se_test_t4,AUTOC_se_test_t5
delta_in_range_fw_7d,TIDE (+1w lags in control covars),Expert v3,CF,0.05,0.01,-0.004639830266530234,0.0024964689356970155,0.01010267032864473,0.0011670449161566123,0.013644809248113328,0.0033497642113622756,0.0022770599405082925,0.001213287369523026,0.00206113864671273,0.0015664759060195904,-0.0001271575162938155,-0.0005827177055246561,0.00959971861046964,0.00203034280160578,0.012090102014731798,0.0029777770415806244,0.002999202782437007,0.001775645537764978,0.0025510988465785828,0.001531137857979587
