outcome,state_rep,action_rep,cate_estimator,p_wins,prop_lb,AUTOC_val_t1,AUTOC_val_t2,AUTOC_val_t3,AUTOC_val_t4,AUTOC_val_t5,AUTOC_se_val_t1,AUTOC_se_val_t2,AUTOC_se_val_t3,AUTOC_se_val_t4,AUTOC_se_val_t5,AUTOC_test_t1,AUTOC_test_t2,AUTOC_test_t3,AUTOC_test_t4,AUTOC_test_t5,AUTOC_se_test_t1,AUTOC_se_test_t2,AUTOC_se_test_t3,AUTOC_se_test_t4,AUTOC_se_test_t5
delta_in_range_fw_7d,Raw (TS2Vec) (+1w lags in control covars),Clustered Embeddings (4),DRForest,0.05,0.01,0.0004490447051459114,-0.0024427709443060105,0.00038543603037038325,0.00036474197361232674,-0.0012114861658625753,0.0014227830613574779,0.002617857701775063,0.0013595142606726961,0.002865949369195625,0.0025880093151530604,0.0033945588031245454,0.005508773944684799,0.0003102503797540294,0.0006812354174128538,0.0027680852286553355,0.002283321588808518,0.0032336870282596557,0.001638133314523596,0.0033299767955909535,0.0029483011597749146
