outcome,state_rep,action_rep,cate_estimator,p_wins,prop_lb,AUTOC_val_t1,AUTOC_val_t2,AUTOC_val_t3,AUTOC_val_t4,AUTOC_val_t5,AUTOC_se_val_t1,AUTOC_se_val_t2,AUTOC_se_val_t3,AUTOC_se_val_t4,AUTOC_se_val_t5,AUTOC_test_t1,AUTOC_test_t2,AUTOC_test_t3,AUTOC_test_t4,AUTOC_test_t5,AUTOC_se_test_t1,AUTOC_se_test_t2,AUTOC_se_test_t3,AUTOC_se_test_t4,AUTOC_se_test_t5
delta_in_range_fw_7d,Raw (TS2Vec) (+2w lags in control covars),Expert v3,TLearner,0.05,0.01,-0.0037421609455073083,0.0005828288750150625,0.004954288276925643,-0.003529176192540939,0.0028562405885623372,0.0024340452256991205,0.002556302157236253,0.0010604810713342582,0.0018790292466559768,0.001965553455105104,0.004083138393066514,-0.00016576063949138746,0.005558606889564473,0.004184022505469772,0.002458005100405507,0.0027966135915115623,0.0029163569344715094,0.0018569960706549887,0.002376335854859723,0.0025797268763188387
