outcome,state_rep,action_rep,cate_estimator,p_wins,prop_lb,AUTOC_val_t1,AUTOC_val_t2,AUTOC_val_t3,AUTOC_val_t4,AUTOC_val_t5,AUTOC_se_val_t1,AUTOC_se_val_t2,AUTOC_se_val_t3,AUTOC_se_val_t4,AUTOC_se_val_t5,AUTOC_test_t1,AUTOC_test_t2,AUTOC_test_t3,AUTOC_test_t4,AUTOC_test_t5,AUTOC_se_test_t1,AUTOC_se_test_t2,AUTOC_se_test_t3,AUTOC_se_test_t4,AUTOC_se_test_t5
delta_in_range_fw_7d,Raw (TS2Vec) (+1w lags in control covars),Expert v3,CF,0.05,0.01,0.0030801357824168946,-0.0010518470610469317,0.0026342331216570257,-0.0018659749295280312,0.005740047762238568,0.0028573762335864224,0.0027277825657544903,0.0016796296609943213,0.0019228827234727243,0.0019541455722099643,0.0005963609188243532,0.00499550081928996,0.008691220867486789,0.003992782076316407,0.01269466675291935,0.0028190457490777873,0.003249860079422553,0.0021595337696178963,0.0022825926572313604,0.0023158724595126337
