outcome,state_rep,action_rep,cate_estimator,p_wins,prop_lb,AUTOC_val_t1,AUTOC_val_t2,AUTOC_val_t3,AUTOC_val_t4,AUTOC_val_t5,AUTOC_se_val_t1,AUTOC_se_val_t2,AUTOC_se_val_t3,AUTOC_se_val_t4,AUTOC_se_val_t5,AUTOC_test_t1,AUTOC_test_t2,AUTOC_test_t3,AUTOC_test_t4,AUTOC_test_t5,AUTOC_se_test_t1,AUTOC_se_test_t2,AUTOC_se_test_t3,AUTOC_se_test_t4,AUTOC_se_test_t5
delta_in_range_fw_7d,TIDE (+1w lags in control covars),Clustered Embeddings (4),CF,0.05,0.01,-0.002346130325326232,0.005560982203111045,0.00630823770980871,0.008339792889390466,0.004487008744767664,0.0024739771818247935,0.0029702133809741513,0.0012420853637601509,0.0034468649577835404,0.0020377380960781826,0.0011321663324785308,0.0019691958153090503,0.007982687925416667,-8.54931717757361e-05,0.0039006685788087843,0.002430260190329186,0.0035789857994544924,0.001686242351498843,0.0030625942359635014,0.0026247724584774383
