outcome,state_rep,action_rep,cate_estimator,p_wins,prop_lb,AUTOC_val_t1,AUTOC_val_t2,AUTOC_val_t3,AUTOC_val_t4,AUTOC_val_t5,AUTOC_se_val_t1,AUTOC_se_val_t2,AUTOC_se_val_t3,AUTOC_se_val_t4,AUTOC_se_val_t5,AUTOC_test_t1,AUTOC_test_t2,AUTOC_test_t3,AUTOC_test_t4,AUTOC_test_t5,AUTOC_se_test_t1,AUTOC_se_test_t2,AUTOC_se_test_t3,AUTOC_se_test_t4,AUTOC_se_test_t5
delta_in_range_fw_7d,Raw (UMAP) (+1w lags in control covars),Expert v3,XLearner,0.05,0.01,0.0005785696570835349,-0.0015140827709527436,0.0038159766496952264,0.0004852687695524666,-0.0014771680609717557,0.002217535721348534,0.0025576822164278547,0.002012349593033758,0.001953249821582105,0.002703495218556779,0.00062444901244543,-0.0016631654976248557,0.00835897405211726,0.004119456401132476,0.0027614622207870654,0.003009634807889882,0.003632896179318981,0.0016528407693104014,0.0018133175787681,0.0027962598216405995
