outcome,state_rep,action_rep,cate_estimator,p_wins,prop_lb,AUTOC_val_t1,AUTOC_val_t2,AUTOC_val_t3,AUTOC_val_t4,AUTOC_val_t5,AUTOC_se_val_t1,AUTOC_se_val_t2,AUTOC_se_val_t3,AUTOC_se_val_t4,AUTOC_se_val_t5,AUTOC_test_t1,AUTOC_test_t2,AUTOC_test_t3,AUTOC_test_t4,AUTOC_test_t5,AUTOC_se_test_t1,AUTOC_se_test_t2,AUTOC_se_test_t3,AUTOC_se_test_t4,AUTOC_se_test_t5
delta_in_range_fw_7d,TIDE (+4w lags in control covars),Expert v3,SLearner,0.05,0.01,-0.0055229606564936844,0.005404726163352649,0.004546176549492012,0.0007571675046624849,-0.001132157367492241,0.003581619096778112,0.0023875831991655647,0.0015400696249839871,0.001991756494334937,0.0024121769220979273,0.0012540741250335725,0.005631125768870922,0.006627145152645581,-0.000566880586556517,0.0025515576018345053,0.0037322357977410555,0.00267481425877988,0.0014996515267645101,0.0025264794061700684,0.0027760868648174213
