outcome,state_rep,action_rep,cate_estimator,p_wins,prop_lb,AUTOC_val_t1,AUTOC_val_t2,AUTOC_se_val_t1,AUTOC_se_val_t2,AUTOC_test_t1,AUTOC_test_t2,AUTOC_se_test_t1,AUTOC_se_test_t2
delta_in_range_fw_7d,Raw (UMAP) (+1w lags in control covars),Binary (any),XLearner,0.05,0.01,0.00037653471929455587,0.00037653471929455587,0.0012929869983901688,0.0012929869983901688,-0.0005984044025714001,-0.0005984044025714001,0.0016761271664962186,0.0016761271664962186
