outcome,state_rep,action_rep,cate_estimator,p_wins,prop_lb,AUTOC_val_t1,AUTOC_val_t2,AUTOC_val_t3,AUTOC_val_t4,AUTOC_val_t5,AUTOC_se_val_t1,AUTOC_se_val_t2,AUTOC_se_val_t3,AUTOC_se_val_t4,AUTOC_se_val_t5,AUTOC_test_t1,AUTOC_test_t2,AUTOC_test_t3,AUTOC_test_t4,AUTOC_test_t5,AUTOC_se_test_t1,AUTOC_se_test_t2,AUTOC_se_test_t3,AUTOC_se_test_t4,AUTOC_se_test_t5
delta_in_range_fw_7d,Raw (TS2Vec) (+4w lags in control covars),Clustered Embeddings (4),XLearner,0.05,0.01,0.002770355301817825,0.0029342815419209334,0.000629470682112935,0.00292690120071401,-0.0003638403694215302,0.0016470746488604433,0.002652633481882248,0.0014799381311707762,0.0023807511587807294,0.0021421179481750058,0.0025459474518561382,0.009235179652836703,0.0011231176998550006,-0.0025319265252787457,0.0032876513532856732,0.002213046707665779,0.0031482824266668577,0.001134413027465539,0.003341290417177875,0.0028552679912923445
