outcome,state_rep,action_rep,cate_estimator,p_wins,prop_lb,AUTOC_val_t1,AUTOC_val_t2,AUTOC_val_t3,AUTOC_val_t4,AUTOC_val_t5,AUTOC_se_val_t1,AUTOC_se_val_t2,AUTOC_se_val_t3,AUTOC_se_val_t4,AUTOC_se_val_t5,AUTOC_test_t1,AUTOC_test_t2,AUTOC_test_t3,AUTOC_test_t4,AUTOC_test_t5,AUTOC_se_test_t1,AUTOC_se_test_t2,AUTOC_se_test_t3,AUTOC_se_test_t4,AUTOC_se_test_t5
delta_in_range_fw_7d,Raw (TS2Vec) (+1w lags in control covars),Clustered Embeddings (4),SLearner,0.05,0.01,0.0011708395727606008,-0.00018481656612274954,0.00014381224744012234,-0.00031775144534541806,-0.00026812771935523483,0.0018108709949628302,0.0029062612778922242,0.0011363034351121615,0.002370793753058573,0.0021520720305917805,0.002763053126335473,0.008406020155980957,0.0014787481023126753,0.000710669775442154,0.0061441907718532635,0.0019936769541953037,0.003313645738076902,0.0008709176746589498,0.0028685365861051714,0.0026566764842477705
