outcome,state_rep,action_rep,cate_estimator,p_wins,prop_lb,AUTOC_val_t1,AUTOC_val_t2,AUTOC_se_val_t1,AUTOC_se_val_t2,AUTOC_test_t1,AUTOC_test_t2,AUTOC_se_test_t1,AUTOC_se_test_t2
delta_in_range_fw_7d,TIDE (+3w lags in control covars),Binary (any),CF,0.05,0.01,-0.0008232004401238733,-0.0008232004401238733,0.0016135556700921105,0.0016135556700921105,0.0014962975092489323,0.0014962975092489323,0.0017577413880792237,0.0017577413880792237
