outcome,state_rep,action_rep,cate_estimator,p_wins,prop_lb,AUTOC_val_t1,AUTOC_val_t2,AUTOC_val_t3,AUTOC_val_t4,AUTOC_val_t5,AUTOC_se_val_t1,AUTOC_se_val_t2,AUTOC_se_val_t3,AUTOC_se_val_t4,AUTOC_se_val_t5,AUTOC_test_t1,AUTOC_test_t2,AUTOC_test_t3,AUTOC_test_t4,AUTOC_test_t5,AUTOC_se_test_t1,AUTOC_se_test_t2,AUTOC_se_test_t3,AUTOC_se_test_t4,AUTOC_se_test_t5
delta_in_range_fw_7d,Raw (UMAP) (+4w lags in control covars),Clustered Embeddings (4),Ensemble,0.05,0.01,-1.46953359764321e-05,0.0009273513128588574,0.002030225672678763,0.0018313004649933174,0.0011443274360516424,0.002008090627574499,0.003082142839787683,0.0013429789510977647,0.0024646428277983637,0.0019790858871733493,-0.00022386229096000752,0.002016862198145812,0.0020145024573531537,0.005316698778349228,0.0044276808348245,0.002194473634391313,0.0032924113791531593,0.0011542215532361851,0.0031350227807521486,0.0028121145935774343
