outcome,state_rep,action_rep,cate_estimator,p_wins,prop_lb,AUTOC_val_t1,AUTOC_val_t2,AUTOC_val_t3,AUTOC_val_t4,AUTOC_val_t5,AUTOC_se_val_t1,AUTOC_se_val_t2,AUTOC_se_val_t3,AUTOC_se_val_t4,AUTOC_se_val_t5,AUTOC_test_t1,AUTOC_test_t2,AUTOC_test_t3,AUTOC_test_t4,AUTOC_test_t5,AUTOC_se_test_t1,AUTOC_se_test_t2,AUTOC_se_test_t3,AUTOC_se_test_t4,AUTOC_se_test_t5
delta_in_range_fw_7d,Raw (UMAP) (+4w lags in control covars),Clustered Embeddings (4),XLearner,0.05,0.01,-0.0016382409705422295,0.0013458461845542082,0.002085615303983601,0.004594728261544825,-0.0013745971407306482,0.0018787370295860813,0.0034039227937550376,0.0014277895775664704,0.002225153886168149,0.002047390753509637,-0.0007777770460076393,0.006981311004657982,0.003981385650637396,0.002649057204544732,0.0031382220247714813,0.002190142031144314,0.0028232797977771917,0.0013989317498724558,0.0033693150667633304,0.0026387467669220493
