outcome,state_rep,action_rep,cate_estimator,p_wins,prop_lb,AUTOC_val_t1,AUTOC_val_t2,AUTOC_val_t3,AUTOC_val_t4,AUTOC_val_t5,AUTOC_se_val_t1,AUTOC_se_val_t2,AUTOC_se_val_t3,AUTOC_se_val_t4,AUTOC_se_val_t5,AUTOC_test_t1,AUTOC_test_t2,AUTOC_test_t3,AUTOC_test_t4,AUTOC_test_t5,AUTOC_se_test_t1,AUTOC_se_test_t2,AUTOC_se_test_t3,AUTOC_se_test_t4,AUTOC_se_test_t5
delta_in_range_fw_7d,Raw (TS2Vec) (+3w lags in control covars),Expert v3,CF,0.05,0.01,0.001572443897088538,-0.0008948418075948588,0.0016231323172374644,-0.00029757691155508226,0.005631180460089979,0.0025919503515854305,0.0027043974143192,0.0017380588413964443,0.0020072596939232083,0.0019488702500237195,0.001179993653760975,0.005583183949738164,0.0059591311347902244,0.004971782075288374,0.00979420845931778,0.003241105156151281,0.0030923285529583246,0.0019242353968132954,0.002145578550641026,0.0021583950485657257
