outcome,state_rep,action_rep,cate_estimator,p_wins,prop_lb,AUTOC_val_t1,AUTOC_val_t2,AUTOC_val_t3,AUTOC_val_t4,AUTOC_val_t5,AUTOC_se_val_t1,AUTOC_se_val_t2,AUTOC_se_val_t3,AUTOC_se_val_t4,AUTOC_se_val_t5,AUTOC_test_t1,AUTOC_test_t2,AUTOC_test_t3,AUTOC_test_t4,AUTOC_test_t5,AUTOC_se_test_t1,AUTOC_se_test_t2,AUTOC_se_test_t3,AUTOC_se_test_t4,AUTOC_se_test_t5
delta_in_range_fw_7d,Raw (UMAP) (+1w lags in control covars),Expert v3,SLearner,0.05,0.01,0.0037767905565962083,-0.0013274716763317102,0.0031698196104823734,0.0021346652412708228,0.001745661497342808,0.002001602995112631,0.002256969713028888,0.0014904594049748139,0.0019564087587764533,0.0020666191144790612,0.0003164013625471563,-0.00011278695736440286,0.005509808836595923,0.002057426911331426,-0.0007562255939441333,0.0032730770222472146,0.003190141883569084,0.0014421448468250988,0.0018372103825680672,0.002497149629248395
