outcome,state_rep,action_rep,cate_estimator,p_wins,prop_lb,AUTOC_val_t1,AUTOC_val_t2,AUTOC_val_t3,AUTOC_val_t4,AUTOC_val_t5,AUTOC_se_val_t1,AUTOC_se_val_t2,AUTOC_se_val_t3,AUTOC_se_val_t4,AUTOC_se_val_t5,AUTOC_test_t1,AUTOC_test_t2,AUTOC_test_t3,AUTOC_test_t4,AUTOC_test_t5,AUTOC_se_test_t1,AUTOC_se_test_t2,AUTOC_se_test_t3,AUTOC_se_test_t4,AUTOC_se_test_t5
delta_in_range_fw_7d,Raw (TS2Vec) (+3w lags in control covars),Clustered Embeddings (4),CF,0.05,0.01,0.002972609733175439,0.0006108751971514573,0.0011992400545080416,0.0008528478200620814,0.0012813366201140303,0.001580658809781478,0.0024872568641608243,0.00147265693387656,0.002532121901819928,0.0022574456945650594,0.0023512432557484743,0.009471666453200094,-8.56207160810956e-05,0.001463308493822903,-0.0022835408250572943,0.0019802565184664717,0.0033187928454572442,0.001451678606673772,0.002886049353213572,0.0023284909913453915
