outcome,state_rep,action_rep,cate_estimator,p_wins,prop_lb,AUTOC_val_t1,AUTOC_val_t2,AUTOC_val_t3,AUTOC_val_t4,AUTOC_val_t5,AUTOC_se_val_t1,AUTOC_se_val_t2,AUTOC_se_val_t3,AUTOC_se_val_t4,AUTOC_se_val_t5,AUTOC_test_t1,AUTOC_test_t2,AUTOC_test_t3,AUTOC_test_t4,AUTOC_test_t5,AUTOC_se_test_t1,AUTOC_se_test_t2,AUTOC_se_test_t3,AUTOC_se_test_t4,AUTOC_se_test_t5
delta_in_range_fw_7d,Raw (TS2Vec) (+3w lags in control covars),Clustered Embeddings (4),XLearner,0.05,0.01,0.0020710511674446657,0.0015715122429009237,0.0006422843091727215,0.002632780664929091,0.001833554239761178,0.001459085435635975,0.0025297155562610365,0.0015157929962843824,0.0021052890478156206,0.002057166978795031,0.001279130199029534,0.00838141934497908,0.001047027356786523,-0.0015259665375637781,0.0036048415766098433,0.0020227008755976574,0.0032020754453739573,0.001144679122247458,0.003488635520452905,0.003043758787480594
