outcome,state_rep,action_rep,cate_estimator,p_wins,prop_lb,AUTOC_val_t1,AUTOC_val_t2,AUTOC_val_t3,AUTOC_val_t4,AUTOC_val_t5,AUTOC_se_val_t1,AUTOC_se_val_t2,AUTOC_se_val_t3,AUTOC_se_val_t4,AUTOC_se_val_t5,AUTOC_test_t1,AUTOC_test_t2,AUTOC_test_t3,AUTOC_test_t4,AUTOC_test_t5,AUTOC_se_test_t1,AUTOC_se_test_t2,AUTOC_se_test_t3,AUTOC_se_test_t4,AUTOC_se_test_t5
delta_in_range_fw_7d,Raw (UMAP) (+3w lags in control covars),Expert v3,SLearner,0.05,0.01,0.005086089329564102,-0.0018720269251733764,0.0018137262847916138,0.0013576982525467924,0.0004000925676821795,0.0023852150436379288,0.0024109606553605616,0.0013060840934028298,0.002028032853140605,0.0025419149255813474,0.0012298944488796338,-0.0031795263973530097,0.004420052230430938,0.0008242335188634756,-0.004829893880563285,0.0033839824726727254,0.003063690651360486,0.0012019083570891525,0.0018918814175858621,0.0027129105713162055
