outcome,state_rep,action_rep,cate_estimator,p_wins,prop_lb,AUTOC_val_t1,AUTOC_val_t2,AUTOC_val_t3,AUTOC_val_t4,AUTOC_val_t5,AUTOC_se_val_t1,AUTOC_se_val_t2,AUTOC_se_val_t3,AUTOC_se_val_t4,AUTOC_se_val_t5,AUTOC_test_t1,AUTOC_test_t2,AUTOC_test_t3,AUTOC_test_t4,AUTOC_test_t5,AUTOC_se_test_t1,AUTOC_se_test_t2,AUTOC_se_test_t3,AUTOC_se_test_t4,AUTOC_se_test_t5
delta_in_range_fw_7d,Raw (UMAP) (+2w lags in control covars),Clustered Embeddings (4),DRForest,0.05,0.01,-0.0013479013254699083,0.0005547579385283711,-0.0006377191821564196,0.0012819981499926842,-0.0012508923775695134,0.0016362159859371955,0.0032334627773813363,0.0013135517348404453,0.002462948504452352,0.0022534564064277483,-0.0034582193927811646,0.006742558191139958,0.0022063383731351503,0.001882296534702541,0.0035370536051704923,0.001987731098377156,0.002656863673628935,0.0008817982531599718,0.0030712989092583553,0.002681061655798705
