outcome,state_rep,action_rep,cate_estimator,p_wins,prop_lb,AUTOC_val_t1,AUTOC_val_t2,AUTOC_val_t3,AUTOC_val_t4,AUTOC_val_t5,AUTOC_se_val_t1,AUTOC_se_val_t2,AUTOC_se_val_t3,AUTOC_se_val_t4,AUTOC_se_val_t5,AUTOC_test_t1,AUTOC_test_t2,AUTOC_test_t3,AUTOC_test_t4,AUTOC_test_t5,AUTOC_se_test_t1,AUTOC_se_test_t2,AUTOC_se_test_t3,AUTOC_se_test_t4,AUTOC_se_test_t5
delta_in_range_fw_7d,TIDE (+1w lags in control covars),Expert v3,DRForest,0.05,0.01,-0.0025446896878249135,0.003456120934944672,0.006040159881307502,0.002794841935157471,-0.0013968324929932176,0.0029879095785832095,0.002701573351999136,0.0017934641060587762,0.0017901527476268746,0.0022610659202935627,-0.0014073433425378463,-0.000736063428991079,0.008826639156563489,0.0012843643666614923,-0.0034590086317351936,0.0034959663901125665,0.003529616445449114,0.002477208478636302,0.002362552569750825,0.0034394485895755337
