outcome,state_rep,action_rep,cate_estimator,p_wins,prop_lb,AUTOC_val_t1,AUTOC_val_t2,AUTOC_val_t3,AUTOC_val_t4,AUTOC_val_t5,AUTOC_se_val_t1,AUTOC_se_val_t2,AUTOC_se_val_t3,AUTOC_se_val_t4,AUTOC_se_val_t5,AUTOC_test_t1,AUTOC_test_t2,AUTOC_test_t3,AUTOC_test_t4,AUTOC_test_t5,AUTOC_se_test_t1,AUTOC_se_test_t2,AUTOC_se_test_t3,AUTOC_se_test_t4,AUTOC_se_test_t5
delta_in_range_fw_7d,TIDE (+1w lags in control covars),Clustered Embeddings (4),XLearner,0.05,0.01,-0.0006301390494641919,0.0011297937825065043,0.012672926718057158,0.006599060481635955,0.002852425355641429,0.0024298915547509166,0.002811926993896462,0.0015009112808309195,0.0034707892961587973,0.0018042770796444852,0.0007315102438724988,0.0022435758415796053,0.013512706553753568,-0.0021637255017638805,0.004707152240741053,0.002142386600775725,0.0035220245164160435,0.001590797875611842,0.003484946679848113,0.0022210082442398645
