outcome,state_rep,action_rep,cate_estimator,p_wins,prop_lb,AUTOC_val_t1,AUTOC_val_t2,AUTOC_se_val_t1,AUTOC_se_val_t2,AUTOC_test_t1,AUTOC_test_t2,AUTOC_se_test_t1,AUTOC_se_test_t2
delta_in_range_fw_7d,TIDE (+2w lags in control covars),Binary (any),XLearner,0.05,0.01,0.0006007041240818722,0.0006007041240818722,0.0013906547942858767,0.0013906547942858767,0.0009716419560423042,0.0009716419560423042,0.001613860811072309,0.001613860811072309
