outcome,state_rep,action_rep,cate_estimator,p_wins,prop_lb,AUTOC_val_t1,AUTOC_val_t2,AUTOC_val_t3,AUTOC_val_t4,AUTOC_val_t5,AUTOC_se_val_t1,AUTOC_se_val_t2,AUTOC_se_val_t3,AUTOC_se_val_t4,AUTOC_se_val_t5,AUTOC_test_t1,AUTOC_test_t2,AUTOC_test_t3,AUTOC_test_t4,AUTOC_test_t5,AUTOC_se_test_t1,AUTOC_se_test_t2,AUTOC_se_test_t3,AUTOC_se_test_t4,AUTOC_se_test_t5
delta_in_range_fw_7d,TIDE (+3w lags in control covars),Expert v3,Ensemble,0.05,0.01,-0.003445984739045823,0.005096791890234122,0.007464875686970906,0.003693525790054421,0.005777096272966238,0.003193489598992773,0.002075091477454354,0.0013851776804166536,0.001816415584807925,0.0023364789764237087,-0.0015654640031811421,0.00039352592690885716,0.006367363433807052,-3.8568758677727245e-06,0.0018541367184253064,0.0037229869521554523,0.0031083801520667828,0.0017185148402668663,0.002293554467569446,0.0030265246458056486
