outcome,state_rep,action_rep,cate_estimator,p_wins,prop_lb,AUTOC_val_t1,AUTOC_val_t2,AUTOC_val_t3,AUTOC_val_t4,AUTOC_val_t5,AUTOC_se_val_t1,AUTOC_se_val_t2,AUTOC_se_val_t3,AUTOC_se_val_t4,AUTOC_se_val_t5,AUTOC_test_t1,AUTOC_test_t2,AUTOC_test_t3,AUTOC_test_t4,AUTOC_test_t5,AUTOC_se_test_t1,AUTOC_se_test_t2,AUTOC_se_test_t3,AUTOC_se_test_t4,AUTOC_se_test_t5
delta_in_range_fw_7d,Raw (TS2Vec) (+4w lags in control covars),Clustered Embeddings (4),TLearner,0.05,0.01,-0.00015293815649657905,-0.00033333013144259114,0.0006764085377830868,0.00023555126895573374,-0.0013040002385950522,0.0017996341783217053,0.002699963133572946,0.0011805588826308432,0.002311891839567661,0.0020425593107129612,0.0018228093071154061,0.005626800636660914,0.0021764643522490905,-0.00046651305924544405,0.005719771957331955,0.0024110672551336822,0.0034540017131406246,0.0011215133424160976,0.0030934553096407147,0.002936492736488824
