outcome,state_rep,action_rep,cate_estimator,p_wins,prop_lb,AUTOC_val_t1,AUTOC_val_t2,AUTOC_val_t3,AUTOC_val_t4,AUTOC_val_t5,AUTOC_se_val_t1,AUTOC_se_val_t2,AUTOC_se_val_t3,AUTOC_se_val_t4,AUTOC_se_val_t5,AUTOC_test_t1,AUTOC_test_t2,AUTOC_test_t3,AUTOC_test_t4,AUTOC_test_t5,AUTOC_se_test_t1,AUTOC_se_test_t2,AUTOC_se_test_t3,AUTOC_se_test_t4,AUTOC_se_test_t5
delta_in_range_fw_7d,Raw (UMAP) (+3w lags in control covars),Clustered Embeddings (4),TLearner,0.05,0.01,-0.0002425672011012575,0.0004847384971147061,0.0033053472607015434,0.00456030273736023,0.0024385300580962105,0.0016520942332817826,0.00367981941135316,0.0012582349245565342,0.002214600611144271,0.0018914513261776413,-0.0012604534528822247,0.005305762600707553,0.004263396033723584,0.0023019424583420097,0.006729093845252336,0.0019702414955672463,0.002797762488839444,0.001267528409067469,0.003132250152121826,0.0022920478192114085
