outcome,state_rep,action_rep,cate_estimator,p_wins,prop_lb,AUTOC_val_t1,AUTOC_val_t2,AUTOC_val_t3,AUTOC_val_t4,AUTOC_val_t5,AUTOC_se_val_t1,AUTOC_se_val_t2,AUTOC_se_val_t3,AUTOC_se_val_t4,AUTOC_se_val_t5,AUTOC_test_t1,AUTOC_test_t2,AUTOC_test_t3,AUTOC_test_t4,AUTOC_test_t5,AUTOC_se_test_t1,AUTOC_se_test_t2,AUTOC_se_test_t3,AUTOC_se_test_t4,AUTOC_se_test_t5
delta_in_range_fw_7d,Raw (TS2Vec) (+1w lags in control covars),Clustered Embeddings (4),TLearner,0.05,0.01,0.00011678062801264603,-1.987118302552092e-05,0.00022209722316857115,1.4666855521057107e-07,-0.0007670528874517744,0.0017367471923067348,0.0027609344334403514,0.0013408772670865574,0.0024674966968592574,0.00178970233996563,0.0013798193063401345,0.0051631388422671,0.0021557750366353154,-0.0017910330073164671,0.00425890872865889,0.002045564220747861,0.0035013331119620496,0.0011991460112800944,0.003075433781635803,0.003057991675678922
