outcome,state_rep,action_rep,cate_estimator,p_wins,prop_lb,AUTOC_val_t1,AUTOC_val_t2,AUTOC_val_t3,AUTOC_val_t4,AUTOC_val_t5,AUTOC_se_val_t1,AUTOC_se_val_t2,AUTOC_se_val_t3,AUTOC_se_val_t4,AUTOC_se_val_t5,AUTOC_test_t1,AUTOC_test_t2,AUTOC_test_t3,AUTOC_test_t4,AUTOC_test_t5,AUTOC_se_test_t1,AUTOC_se_test_t2,AUTOC_se_test_t3,AUTOC_se_test_t4,AUTOC_se_test_t5
delta_in_range_fw_7d,TIDE (+4w lags in control covars),Clustered Embeddings (4),XLearner,0.05,0.01,-0.005087146998766939,0.005352524575489602,0.008560515601683341,0.007582114786589693,0.004960004140147608,0.0025530199453524024,0.0029371113046215086,0.001639609942704833,0.0033527042135422704,0.0023026084905111654,0.0014488074378993098,0.00205987642607095,0.007902434148893057,-2.4745050131703403e-05,0.0031424005412700818,0.0022012653066479267,0.00332008437344142,0.0016177153335938661,0.0034551951157779145,0.00226009344317393
