outcome,state_rep,action_rep,cate_estimator,p_wins,prop_lb,AUTOC_val_t1,AUTOC_val_t2,AUTOC_val_t3,AUTOC_val_t4,AUTOC_val_t5,AUTOC_se_val_t1,AUTOC_se_val_t2,AUTOC_se_val_t3,AUTOC_se_val_t4,AUTOC_se_val_t5,AUTOC_test_t1,AUTOC_test_t2,AUTOC_test_t3,AUTOC_test_t4,AUTOC_test_t5,AUTOC_se_test_t1,AUTOC_se_test_t2,AUTOC_se_test_t3,AUTOC_se_test_t4,AUTOC_se_test_t5
delta_in_range_fw_7d,Raw (TS2Vec) (+1w lags in control covars),Expert v3,Ensemble,0.05,0.01,0.0015775682050808246,0.0019327569697614112,0.005181230906081575,-0.0007891762692145501,0.005685671318968941,0.002663716391109051,0.0027177708486330688,0.0016959457668053836,0.0020807749979617463,0.0021390917482322657,-0.0001909932690548978,0.004812170839174588,0.009422170553436924,0.004324606761549673,0.008129276028196528,0.0032043192639659777,0.0030584379571691055,0.0020553508055490806,0.002189312536008368,0.0022372231881146723
