outcome,state_rep,action_rep,cate_estimator,p_wins,prop_lb,AUTOC_val_t1,AUTOC_val_t2,AUTOC_val_t3,AUTOC_val_t4,AUTOC_val_t5,AUTOC_se_val_t1,AUTOC_se_val_t2,AUTOC_se_val_t3,AUTOC_se_val_t4,AUTOC_se_val_t5,AUTOC_test_t1,AUTOC_test_t2,AUTOC_test_t3,AUTOC_test_t4,AUTOC_test_t5,AUTOC_se_test_t1,AUTOC_se_test_t2,AUTOC_se_test_t3,AUTOC_se_test_t4,AUTOC_se_test_t5
delta_in_range_fw_7d,Raw (UMAP) (+3w lags in control covars),Clustered Embeddings (4),XLearner,0.05,0.01,-0.0016767058916242,0.0012913739394336448,0.0025275837272739853,0.003819983951630466,-0.0008008279154669777,0.0018607480568832565,0.003327143685095983,0.0015525283531601338,0.0021926367794838086,0.0021268997861756977,-0.0014192231874029196,0.007734843630864748,0.00422303198587602,0.0013242546190950237,0.002282077031212121,0.0019787147983955948,0.002919865541112094,0.0014274824101921382,0.0030921497905049737,0.002622750640968122
