outcome,state_rep,action_rep,cate_estimator,p_wins,prop_lb,AUTOC_val_t1,AUTOC_val_t2,AUTOC_val_t3,AUTOC_val_t4,AUTOC_val_t5,AUTOC_se_val_t1,AUTOC_se_val_t2,AUTOC_se_val_t3,AUTOC_se_val_t4,AUTOC_se_val_t5,AUTOC_test_t1,AUTOC_test_t2,AUTOC_test_t3,AUTOC_test_t4,AUTOC_test_t5,AUTOC_se_test_t1,AUTOC_se_test_t2,AUTOC_se_test_t3,AUTOC_se_test_t4,AUTOC_se_test_t5
delta_in_range_fw_7d,Raw (UMAP) (+2w lags in control covars),Clustered Embeddings (4),Ensemble,0.05,0.01,-0.0008061262874303055,-0.0006332065098052609,0.002300622644279403,0.0023260038928313155,0.002019034569012085,0.0016550491636871515,0.0032152878341377557,0.0014670739208209774,0.0022795105140059634,0.0019180695689490007,-0.0021919623708119822,0.004445238496698757,0.002279561330945885,0.003934466705181992,0.004842123202590139,0.002146034789501955,0.0026794340125378658,0.001200949007309545,0.003575821367766618,0.0022532520563380547
