outcome,state_rep,action_rep,cate_estimator,p_wins,prop_lb,AUTOC_val_t1,AUTOC_val_t2,AUTOC_val_t3,AUTOC_val_t4,AUTOC_val_t5,AUTOC_se_val_t1,AUTOC_se_val_t2,AUTOC_se_val_t3,AUTOC_se_val_t4,AUTOC_se_val_t5,AUTOC_test_t1,AUTOC_test_t2,AUTOC_test_t3,AUTOC_test_t4,AUTOC_test_t5,AUTOC_se_test_t1,AUTOC_se_test_t2,AUTOC_se_test_t3,AUTOC_se_test_t4,AUTOC_se_test_t5
delta_in_range_fw_7d,Raw (TS2Vec) (+3w lags in control covars),Expert v3,DRForest,0.05,0.01,-0.0007160829425257665,9.981970799529659e-05,-0.00198351071963088,-0.00033210465571146473,0.002125515979185608,0.002465372179397233,0.002384657802441537,0.0019120802996173947,0.0020010802250212787,0.002453378062144083,0.001769120689781034,0.0006548704430806557,0.0019806757687531483,0.005496393885822196,0.0021918153793218397,0.003452233931705946,0.003539649612347085,0.0020245966720622214,0.0023681444647372504,0.0026027017383703317
