outcome,state_rep,action_rep,cate_estimator,p_wins,prop_lb,AUTOC_val_t1,AUTOC_val_t2,AUTOC_val_t3,AUTOC_val_t4,AUTOC_val_t5,AUTOC_se_val_t1,AUTOC_se_val_t2,AUTOC_se_val_t3,AUTOC_se_val_t4,AUTOC_se_val_t5,AUTOC_test_t1,AUTOC_test_t2,AUTOC_test_t3,AUTOC_test_t4,AUTOC_test_t5,AUTOC_se_test_t1,AUTOC_se_test_t2,AUTOC_se_test_t3,AUTOC_se_test_t4,AUTOC_se_test_t5
delta_in_range_fw_7d,TIDE (+1w lags in control covars),Clustered Embeddings (4),DRForest,0.05,0.01,-0.0025282097069943407,0.002855038086757791,0.009056866311612129,0.00819753911233649,0.0010934841080587252,0.002522570072296724,0.0026067191270482933,0.0013355594740171184,0.003471355486190458,0.0023440298031670243,-0.0008237944306872849,0.0024842376123947654,0.010665333769489698,-0.001292243932610066,-0.00016216393474432285,0.002324383127757044,0.002864542388745012,0.0016348792748262255,0.003107158168918674,0.0020183744645755845
