outcome,state_rep,action_rep,cate_estimator,p_wins,prop_lb,AUTOC_val_t1,AUTOC_val_t2,AUTOC_se_val_t1,AUTOC_se_val_t2,AUTOC_test_t1,AUTOC_test_t2,AUTOC_se_test_t1,AUTOC_se_test_t2
delta_in_range_fw_7d,Raw (UMAP) (+2w lags in control covars),Binary (any),DRForest,0.05,0.01,0.00046488576990984866,0.00046488576990984866,0.0013412938757267668,0.0013412938757267668,-0.0016027429405689477,-0.0016027429405689477,0.0016870883493008612,0.0016870883493008612
