outcome,state_rep,action_rep,cate_estimator,p_wins,prop_lb,AUTOC_val_t1,AUTOC_val_t2,AUTOC_val_t3,AUTOC_val_t4,AUTOC_val_t5,AUTOC_se_val_t1,AUTOC_se_val_t2,AUTOC_se_val_t3,AUTOC_se_val_t4,AUTOC_se_val_t5,AUTOC_test_t1,AUTOC_test_t2,AUTOC_test_t3,AUTOC_test_t4,AUTOC_test_t5,AUTOC_se_test_t1,AUTOC_se_test_t2,AUTOC_se_test_t3,AUTOC_se_test_t4,AUTOC_se_test_t5
delta_in_range_fw_7d,Raw (TS2Vec) (+2w lags in control covars),Expert v3,DRForest,0.05,0.01,-0.0005320084855947726,0.00038050979994693515,-0.001561883792395339,-0.00037061202951780046,0.0024553502152827077,0.0025853829093279925,0.0023972903452292656,0.001989327932255337,0.0017652267256177809,0.00225699181606839,0.002228589085138898,-0.000305539570928114,0.002741533012464316,0.006796116117137,-0.000441755549099051,0.003633033610508881,0.004068780191912756,0.002430257441035574,0.002125441690284399,0.0030166400406586177
