outcome,state_rep,action_rep,cate_estimator,p_wins,prop_lb,AUTOC_val_t1,AUTOC_val_t2,AUTOC_val_t3,AUTOC_val_t4,AUTOC_val_t5,AUTOC_se_val_t1,AUTOC_se_val_t2,AUTOC_se_val_t3,AUTOC_se_val_t4,AUTOC_se_val_t5,AUTOC_test_t1,AUTOC_test_t2,AUTOC_test_t3,AUTOC_test_t4,AUTOC_test_t5,AUTOC_se_test_t1,AUTOC_se_test_t2,AUTOC_se_test_t3,AUTOC_se_test_t4,AUTOC_se_test_t5
delta_in_range_fw_7d,TIDE (+3w lags in control covars),Clustered Embeddings (4),XLearner,0.05,0.01,-0.004173389161815568,0.00335371732197082,0.007619151154754347,0.007376431451535633,0.002997682689915089,0.0022974755228065773,0.003123189486117954,0.0015305236896351834,0.00291197408202748,0.0020065144092427972,5.999154596196472e-05,0.0023468962228053052,0.006493539825051634,0.00039819333147537837,0.0030545440012115987,0.0022002348014326938,0.00317825835062366,0.0017307489787955293,0.0033039578476330806,0.00220019470220638
