outcome,state_rep,action_rep,cate_estimator,p_wins,prop_lb,AUTOC_val_t1,AUTOC_val_t2,AUTOC_val_t3,AUTOC_val_t4,AUTOC_val_t5,AUTOC_se_val_t1,AUTOC_se_val_t2,AUTOC_se_val_t3,AUTOC_se_val_t4,AUTOC_se_val_t5,AUTOC_test_t1,AUTOC_test_t2,AUTOC_test_t3,AUTOC_test_t4,AUTOC_test_t5,AUTOC_se_test_t1,AUTOC_se_test_t2,AUTOC_se_test_t3,AUTOC_se_test_t4,AUTOC_se_test_t5
delta_in_range_fw_7d,TIDE (+3w lags in control covars),Expert v3,CF,0.05,0.01,-0.0063916151869375945,0.003330301901641515,0.004630484089640754,0.003402126449477185,0.007775628553820089,0.0033524296767380004,0.002369230161420152,0.001025033566995994,0.0017294830011535763,0.0016063716768628443,-0.0018012407203168354,0.00038601881758699584,0.002825687630470935,0.002579865080947157,0.004269711405830773,0.0029001367265693856,0.0028522845806035727,0.0015658428375702723,0.002237234987408062,0.0015301866003311433
