outcome,state_rep,action_rep,cate_estimator,p_wins,prop_lb,AUTOC_val_t1,AUTOC_val_t2,AUTOC_val_t3,AUTOC_val_t4,AUTOC_val_t5,AUTOC_se_val_t1,AUTOC_se_val_t2,AUTOC_se_val_t3,AUTOC_se_val_t4,AUTOC_se_val_t5,AUTOC_test_t1,AUTOC_test_t2,AUTOC_test_t3,AUTOC_test_t4,AUTOC_test_t5,AUTOC_se_test_t1,AUTOC_se_test_t2,AUTOC_se_test_t3,AUTOC_se_test_t4,AUTOC_se_test_t5
delta_in_range_fw_7d,Raw (TS2Vec) (+1w lags in control covars),Clustered Embeddings (4),XLearner,0.05,0.01,0.003208636075122344,0.004529344687998523,0.0002583509521841846,0.0018167050881936824,0.002115765418374478,0.0017693967639753406,0.0024090549833671224,0.0016036943953730667,0.002785854006890778,0.0022927129545738862,0.0026684896396598906,0.010249784507835657,0.0021497999522177877,-0.0020977477229390464,0.006384791679717051,0.0019572853362371102,0.0033271673298857496,0.0011996835302493427,0.0033093543465232958,0.0030152936823062523
