outcome,state_rep,action_rep,cate_estimator,p_wins,prop_lb,AUTOC_val_t1,AUTOC_val_t2,AUTOC_val_t3,AUTOC_val_t4,AUTOC_val_t5,AUTOC_se_val_t1,AUTOC_se_val_t2,AUTOC_se_val_t3,AUTOC_se_val_t4,AUTOC_se_val_t5,AUTOC_test_t1,AUTOC_test_t2,AUTOC_test_t3,AUTOC_test_t4,AUTOC_test_t5,AUTOC_se_test_t1,AUTOC_se_test_t2,AUTOC_se_test_t3,AUTOC_se_test_t4,AUTOC_se_test_t5
delta_in_range_fw_7d,Raw (UMAP) (+4w lags in control covars),Clustered Embeddings (4),DRForest,0.05,0.01,-0.0015881764046830013,0.0016769256078721204,-0.0006290809429123708,0.0023140729093165963,0.0006019299139261736,0.0016695998571264262,0.003447434724765006,0.001324963304309735,0.002131295036949524,0.0029191355786694073,-0.002859073539095413,0.005873986532962872,0.002603452871478434,0.0013211908711854186,0.0011064345541890552,0.0024265592194196313,0.0027065172372334346,0.0009059149738035588,0.0035664818765993086,0.002461066004426084
