outcome,state_rep,action_rep,cate_estimator,p_wins,prop_lb,AUTOC_val_t1,AUTOC_val_t2,AUTOC_val_t3,AUTOC_val_t4,AUTOC_val_t5,AUTOC_se_val_t1,AUTOC_se_val_t2,AUTOC_se_val_t3,AUTOC_se_val_t4,AUTOC_se_val_t5,AUTOC_test_t1,AUTOC_test_t2,AUTOC_test_t3,AUTOC_test_t4,AUTOC_test_t5,AUTOC_se_test_t1,AUTOC_se_test_t2,AUTOC_se_test_t3,AUTOC_se_test_t4,AUTOC_se_test_t5
delta_in_range_fw_7d,Raw (TS2Vec) (+3w lags in control covars),Clustered Embeddings (4),DRForest,0.05,0.01,0.0020505466971628495,-0.002834967561288902,0.0002045324620830018,-0.0006804170656872609,-0.00473861342255247,0.0016042554788707152,0.002212338896125622,0.001279302058470039,0.002833888686505298,0.0025629175590592287,0.0018384353010540853,0.00604580004533351,0.0006430360918123202,-0.0015773554212086239,0.0007806182929677779,0.0022721579455968334,0.003147504105775392,0.001329009097038634,0.0026007733442413193,0.002641874521349238
