outcome,state_rep,action_rep,cate_estimator,p_wins,prop_lb,AUTOC_val_t1,AUTOC_val_t2,AUTOC_val_t3,AUTOC_val_t4,AUTOC_val_t5,AUTOC_se_val_t1,AUTOC_se_val_t2,AUTOC_se_val_t3,AUTOC_se_val_t4,AUTOC_se_val_t5,AUTOC_test_t1,AUTOC_test_t2,AUTOC_test_t3,AUTOC_test_t4,AUTOC_test_t5,AUTOC_se_test_t1,AUTOC_se_test_t2,AUTOC_se_test_t3,AUTOC_se_test_t4,AUTOC_se_test_t5
delta_in_range_fw_7d,Raw (UMAP) (+4w lags in control covars),Expert v3,Ensemble,0.05,0.01,0.004611748678115009,-0.0030176196917902124,0.00025088441169815624,0.00038258174901192556,0.0006674897360857157,0.003386638269229586,0.002570300140070092,0.001015020062232486,0.0017738254207438613,0.003191505701120451,0.0017638278621247357,-0.004270043559640612,0.00359950608580815,0.0005406985783553012,-0.005421442604835968,0.00387155890172677,0.003407106816699158,0.0012998236567829794,0.0020416661610503026,0.0027719882835039937
