outcome,state_rep,action_rep,cate_estimator,p_wins,prop_lb,AUTOC_val_t1,AUTOC_val_t2,AUTOC_val_t3,AUTOC_val_t4,AUTOC_val_t5,AUTOC_se_val_t1,AUTOC_se_val_t2,AUTOC_se_val_t3,AUTOC_se_val_t4,AUTOC_se_val_t5,AUTOC_test_t1,AUTOC_test_t2,AUTOC_test_t3,AUTOC_test_t4,AUTOC_test_t5,AUTOC_se_test_t1,AUTOC_se_test_t2,AUTOC_se_test_t3,AUTOC_se_test_t4,AUTOC_se_test_t5
delta_in_range_fw_7d,Raw (UMAP) (+4w lags in control covars),Expert v3,TLearner,0.05,0.01,0.005154387950448836,-0.001909684501327712,0.0003584592292006694,0.0014944439206116306,0.004049178022145236,0.002525523039940507,0.002339408639074103,0.0013965379483778112,0.001921805997435231,0.0024978627320251332,0.00196234814645247,-0.00024518514771156236,0.00418250283050163,-0.00020365166961242652,0.0015007070351495348,0.0034963804745677656,0.002894730395606147,0.0013810103669975357,0.0021625197598234003,0.0027824671508230874
