outcome,state_rep,action_rep,cate_estimator,p_wins,prop_lb,AUTOC_val_t1,AUTOC_val_t2,AUTOC_val_t3,AUTOC_val_t4,AUTOC_val_t5,AUTOC_se_val_t1,AUTOC_se_val_t2,AUTOC_se_val_t3,AUTOC_se_val_t4,AUTOC_se_val_t5,AUTOC_test_t1,AUTOC_test_t2,AUTOC_test_t3,AUTOC_test_t4,AUTOC_test_t5,AUTOC_se_test_t1,AUTOC_se_test_t2,AUTOC_se_test_t3,AUTOC_se_test_t4,AUTOC_se_test_t5
delta_in_range_fw_7d,TIDE (+3w lags in control covars),Expert v3,SLearner,0.05,0.01,-0.003202423955691077,0.0065991557578994236,0.006592701978578987,0.0026047046078847337,0.0039000968307797068,0.00299269648302971,0.002383232929228591,0.0014084442143260719,0.0017439107491722583,0.0019197582618082725,-0.0016918340069448305,0.0033523111903250077,0.005348906020412909,0.0010514360862321603,0.0033400399190936262,0.003745890352568121,0.00295094739462566,0.0018824187620351143,0.0023188315334383256,0.002667828536791948
