outcome,state_rep,action_rep,cate_estimator,p_wins,prop_lb,AUTOC_val_t1,AUTOC_val_t2,AUTOC_val_t3,AUTOC_val_t4,AUTOC_val_t5,AUTOC_se_val_t1,AUTOC_se_val_t2,AUTOC_se_val_t3,AUTOC_se_val_t4,AUTOC_se_val_t5,AUTOC_test_t1,AUTOC_test_t2,AUTOC_test_t3,AUTOC_test_t4,AUTOC_test_t5,AUTOC_se_test_t1,AUTOC_se_test_t2,AUTOC_se_test_t3,AUTOC_se_test_t4,AUTOC_se_test_t5
delta_in_range_fw_7d,Raw (UMAP) (+3w lags in control covars),Clustered Embeddings (4),SLearner,0.05,0.01,-0.0014242578585669295,8.889350524447781e-07,0.0028584104125936654,0.00204275441916223,0.001288697301872219,0.0016792557576134621,0.003011332141911244,0.0013269119070429825,0.0026588515819108162,0.0018852215600555825,-0.0014249558431620067,0.003859586019817398,0.0018301755041025092,0.003940120411097872,0.004757081327838927,0.001979241492966207,0.002649205715916614,0.0009317188512660849,0.0030407576469734495,0.002314890567298238
