outcome,state_rep,action_rep,cate_estimator,p_wins,prop_lb,AUTOC_val_t1,AUTOC_val_t2,AUTOC_val_t3,AUTOC_val_t4,AUTOC_val_t5,AUTOC_se_val_t1,AUTOC_se_val_t2,AUTOC_se_val_t3,AUTOC_se_val_t4,AUTOC_se_val_t5,AUTOC_test_t1,AUTOC_test_t2,AUTOC_test_t3,AUTOC_test_t4,AUTOC_test_t5,AUTOC_se_test_t1,AUTOC_se_test_t2,AUTOC_se_test_t3,AUTOC_se_test_t4,AUTOC_se_test_t5
delta_in_range_fw_7d,Raw (TS2Vec) (+1w lags in control covars),Clustered Embeddings (4),CF,0.05,0.01,0.0031539541906769305,0.0016313611486998018,0.0010389022484806405,-0.0012532673683153766,0.0009891234516784283,0.0016412978308210943,0.0026402726492829455,0.0011416244681401251,0.00276239014160604,0.0020752826754214504,0.002163149455738304,0.009163870196845478,4.713676218699041e-05,0.0016553031480552904,0.0004904537604310382,0.001667161141085517,0.0030579246534210543,0.001127771648198143,0.0028312170186779316,0.0018210608789439547
