outcome,state_rep,action_rep,cate_estimator,p_wins,prop_lb,AUTOC_val_t1,AUTOC_val_t2,AUTOC_val_t3,AUTOC_val_t4,AUTOC_val_t5,AUTOC_se_val_t1,AUTOC_se_val_t2,AUTOC_se_val_t3,AUTOC_se_val_t4,AUTOC_se_val_t5,AUTOC_test_t1,AUTOC_test_t2,AUTOC_test_t3,AUTOC_test_t4,AUTOC_test_t5,AUTOC_se_test_t1,AUTOC_se_test_t2,AUTOC_se_test_t3,AUTOC_se_test_t4,AUTOC_se_test_t5
delta_in_range_fw_7d,TIDE (+3w lags in control covars),Expert v3,DRForest,0.05,0.01,-0.004437792806594215,0.0001332800799472752,0.0027196930379248274,0.004314794960359327,-0.0010593007394019591,0.003041000330269593,0.0023539452442289193,0.001598208249937991,0.0016539192716201027,0.0025734736883122056,-0.002505330454188914,-0.0030071944208971343,0.0036220419512235855,0.0002216248156615935,-0.0031743339776356453,0.0032260167167631505,0.0029668117147210334,0.0022243345983806494,0.0022531537825734517,0.00295998361100911
