outcome,state_rep,action_rep,cate_estimator,p_wins,prop_lb,AUTOC_val_t1,AUTOC_val_t2,AUTOC_val_t3,AUTOC_val_t4,AUTOC_val_t5,AUTOC_se_val_t1,AUTOC_se_val_t2,AUTOC_se_val_t3,AUTOC_se_val_t4,AUTOC_se_val_t5,AUTOC_test_t1,AUTOC_test_t2,AUTOC_test_t3,AUTOC_test_t4,AUTOC_test_t5,AUTOC_se_test_t1,AUTOC_se_test_t2,AUTOC_se_test_t3,AUTOC_se_test_t4,AUTOC_se_test_t5
delta_in_range_fw_7d,Raw (TS2Vec) (+3w lags in control covars),Clustered Embeddings (4),Ensemble,0.05,0.01,0.00043315848130759464,0.003054609624845279,-0.0010360034278933444,-0.0007675592594513922,-0.0022747175311017866,0.001865816014836398,0.003225284613841683,0.0012782543348052661,0.002085940431503849,0.001973403315140149,0.004124991645399405,0.007407056279080129,-0.0005742534020947907,0.003465361572506395,0.006222707448695969,0.0021489881311004154,0.0030407777002018784,0.0009174058975278357,0.0021846838376816287,0.0024187349011219306
