outcome,state_rep,action_rep,cate_estimator,p_wins,prop_lb,AUTOC_val_t1,AUTOC_val_t2,AUTOC_val_t3,AUTOC_val_t4,AUTOC_val_t5,AUTOC_se_val_t1,AUTOC_se_val_t2,AUTOC_se_val_t3,AUTOC_se_val_t4,AUTOC_se_val_t5,AUTOC_test_t1,AUTOC_test_t2,AUTOC_test_t3,AUTOC_test_t4,AUTOC_test_t5,AUTOC_se_test_t1,AUTOC_se_test_t2,AUTOC_se_test_t3,AUTOC_se_test_t4,AUTOC_se_test_t5
delta_in_range_fw_7d,Raw (TS2Vec) (+4w lags in control covars),Expert v3,TLearner,0.05,0.01,-0.005403650808189157,0.001947362301694196,0.003009385441845614,-0.0022149435447728666,0.0010501886043467797,0.0026201059015332233,0.002222706157315959,0.0010140626691946732,0.0019181314709251986,0.001692575874990845,0.004167979557374247,0.00012651556126326444,0.0035296013889474505,0.00468953366478073,0.0006101516285113914,0.0031735954312363483,0.0025986137031697946,0.0017114847076505303,0.002469254927036222,0.002244335602758478
