outcome,state_rep,action_rep,cate_estimator,p_wins,prop_lb,AUTOC_val_t1,AUTOC_val_t2,AUTOC_se_val_t1,AUTOC_se_val_t2,AUTOC_test_t1,AUTOC_test_t2,AUTOC_se_test_t1,AUTOC_se_test_t2
delta_in_range_fw_7d,TIDE (+2w lags in control covars),Binary (any),TLearner,0.05,0.01,-2.3899407466431753e-05,-2.3899407466431753e-05,0.0015342507713194476,0.0015342507713194476,0.00043579411103819614,0.00043579411103819614,0.0018674019490459415,0.0018674019490459415
