outcome,state_rep,action_rep,cate_estimator,p_wins,prop_lb,AUTOC_val_t1,AUTOC_val_t2,AUTOC_val_t3,AUTOC_val_t4,AUTOC_val_t5,AUTOC_se_val_t1,AUTOC_se_val_t2,AUTOC_se_val_t3,AUTOC_se_val_t4,AUTOC_se_val_t5,AUTOC_test_t1,AUTOC_test_t2,AUTOC_test_t3,AUTOC_test_t4,AUTOC_test_t5,AUTOC_se_test_t1,AUTOC_se_test_t2,AUTOC_se_test_t3,AUTOC_se_test_t4,AUTOC_se_test_t5
delta_in_range_fw_7d,TIDE (+4w lags in control covars),Expert v3,DRForest,0.05,0.01,-0.005666825573114366,0.0041102455073217525,0.0030630813117554657,0.0024364905760501324,-0.00029786897739180525,0.0031326346136660607,0.0024713728247174687,0.0016342764835119642,0.0018912816795743292,0.0025022989699535524,-0.003186242537276125,3.0354643822199632e-05,0.003266393229214408,7.917921351225107e-05,-0.002612402211873845,0.00350792057853798,0.0031502562391437683,0.0023161857556882625,0.0021325272802010277,0.002928355034078803
