outcome,state_rep,action_rep,cate_estimator,p_wins,prop_lb,AUTOC_val_t1,AUTOC_val_t2,AUTOC_val_t3,AUTOC_val_t4,AUTOC_val_t5,AUTOC_se_val_t1,AUTOC_se_val_t2,AUTOC_se_val_t3,AUTOC_se_val_t4,AUTOC_se_val_t5,AUTOC_test_t1,AUTOC_test_t2,AUTOC_test_t3,AUTOC_test_t4,AUTOC_test_t5,AUTOC_se_test_t1,AUTOC_se_test_t2,AUTOC_se_test_t3,AUTOC_se_test_t4,AUTOC_se_test_t5
delta_in_range_fw_7d,Raw (UMAP) (+1w lags in control covars),Expert v3,TLearner,0.05,0.01,0.003619342818171575,-0.0016491500684641736,0.0023164031628122575,0.002344544264283128,0.00219609233703732,0.0020470532730546666,0.00215457712020117,0.0015883981602232726,0.001786079693157669,0.0022507596739899612,8.823354796359515e-05,0.0002603597497149996,0.005058711242940681,0.0014765615422131563,0.0018640037634419472,0.003302980518284218,0.003064723950852636,0.0014355007716530547,0.0019797811151396113,0.002741439379848178
