outcome,state_rep,action_rep,cate_estimator,p_wins,prop_lb,AUTOC_val_t1,AUTOC_val_t2,AUTOC_val_t3,AUTOC_val_t4,AUTOC_val_t5,AUTOC_se_val_t1,AUTOC_se_val_t2,AUTOC_se_val_t3,AUTOC_se_val_t4,AUTOC_se_val_t5,AUTOC_test_t1,AUTOC_test_t2,AUTOC_test_t3,AUTOC_test_t4,AUTOC_test_t5,AUTOC_se_test_t1,AUTOC_se_test_t2,AUTOC_se_test_t3,AUTOC_se_test_t4,AUTOC_se_test_t5
delta_in_range_fw_7d,Raw (UMAP) (+3w lags in control covars),Clustered Embeddings (4),CF,0.05,0.01,-0.0031373017581780628,0.0017196380210236471,0.0012676437848906973,0.0015446161069646237,0.004532786345869747,0.0017784878757932533,0.0039915015560545355,0.0014579299565213202,0.0019031901354708894,0.0024257426465819475,5.192300948820496e-05,0.008426552777146153,0.002510365255882258,0.0023434363132072613,0.0036392422213109435,0.002017624993191696,0.0026295189231731243,0.0009601400776316702,0.0028839164311282367,0.002042441996284646
