outcome,state_rep,action_rep,cate_estimator,p_wins,prop_lb,AUTOC_val_t1,AUTOC_val_t2,AUTOC_val_t3,AUTOC_val_t4,AUTOC_val_t5,AUTOC_se_val_t1,AUTOC_se_val_t2,AUTOC_se_val_t3,AUTOC_se_val_t4,AUTOC_se_val_t5,AUTOC_test_t1,AUTOC_test_t2,AUTOC_test_t3,AUTOC_test_t4,AUTOC_test_t5,AUTOC_se_test_t1,AUTOC_se_test_t2,AUTOC_se_test_t3,AUTOC_se_test_t4,AUTOC_se_test_t5
delta_in_range_fw_7d,TIDE (+3w lags in control covars),Expert v3,TLearner,0.05,0.01,-0.0022404727403769207,0.0046057951336436025,0.010311611609087883,0.00041095122995143897,0.008903913236878168,0.003153267472907172,0.0021517757340505563,0.0012775938453655539,0.0019187288451117566,0.0017552025279464,-0.0009560044820207048,0.002383987568838231,0.008716062721989794,-0.00018585293060111418,0.007472057212227646,0.003956421844946537,0.0030123766294299233,0.0012522315791888448,0.0019217069291568103,0.0019590606779577397
