outcome,state_rep,action_rep,cate_estimator,p_wins,prop_lb,AUTOC_val_t1,AUTOC_val_t2,AUTOC_val_t3,AUTOC_val_t4,AUTOC_val_t5,AUTOC_se_val_t1,AUTOC_se_val_t2,AUTOC_se_val_t3,AUTOC_se_val_t4,AUTOC_se_val_t5,AUTOC_test_t1,AUTOC_test_t2,AUTOC_test_t3,AUTOC_test_t4,AUTOC_test_t5,AUTOC_se_test_t1,AUTOC_se_test_t2,AUTOC_se_test_t3,AUTOC_se_test_t4,AUTOC_se_test_t5
delta_in_range_fw_7d,Raw (UMAP) (+2w lags in control covars),Expert v3,DRForest,0.05,0.01,-0.0004757184558198708,-0.003114021212024823,0.000612433313096887,0.0013694104427296645,-0.0009173955655197568,0.002620658248771527,0.0032570778934613103,0.002092821904703536,0.0019183525145272152,0.0026523111029673257,0.0008991115152195833,-0.0049268066262292505,0.0032891092911085055,0.0026381542820788067,0.0019167287621366844,0.003064438479375126,0.003933907649113452,0.001779568824054968,0.0018787854274581407,0.0025773071476065056
