outcome,state_rep,action_rep,cate_estimator,p_wins,prop_lb,AUTOC_val_t1,AUTOC_val_t2,AUTOC_val_t3,AUTOC_val_t4,AUTOC_val_t5,AUTOC_se_val_t1,AUTOC_se_val_t2,AUTOC_se_val_t3,AUTOC_se_val_t4,AUTOC_se_val_t5,AUTOC_test_t1,AUTOC_test_t2,AUTOC_test_t3,AUTOC_test_t4,AUTOC_test_t5,AUTOC_se_test_t1,AUTOC_se_test_t2,AUTOC_se_test_t3,AUTOC_se_test_t4,AUTOC_se_test_t5
delta_in_range_fw_7d,Raw (TS2Vec) (+1w lags in control covars),Expert v3,XLearner,0.05,0.01,0.0010123426238917623,0.0030338987349991767,0.0071154093752159924,-0.0007095069390951739,0.006201478184221988,0.002268422763796388,0.0027620356345803595,0.0010349953530380187,0.002343520702674181,0.002449106886993319,0.000869422628028957,0.0035854904726987,0.008658819918801276,0.003688295383871611,0.006056486583747064,0.00332743769085467,0.0027235649197397617,0.0017965808286648482,0.002334836894855269,0.0020186684083535835
