outcome,state_rep,action_rep,cate_estimator,p_wins,prop_lb,AUTOC_val_t1,AUTOC_val_t2,AUTOC_val_t3,AUTOC_val_t4,AUTOC_val_t5,AUTOC_se_val_t1,AUTOC_se_val_t2,AUTOC_se_val_t3,AUTOC_se_val_t4,AUTOC_se_val_t5,AUTOC_test_t1,AUTOC_test_t2,AUTOC_test_t3,AUTOC_test_t4,AUTOC_test_t5,AUTOC_se_test_t1,AUTOC_se_test_t2,AUTOC_se_test_t3,AUTOC_se_test_t4,AUTOC_se_test_t5
delta_in_range_fw_7d,Raw (TS2Vec) (+1w lags in control covars),Clustered Embeddings (4),Ensemble,0.05,0.01,0.0017292448200401786,0.0009981078859176695,0.00030300515784029863,-1.4675925245220636e-05,0.0006827335020162085,0.0018003306286407982,0.002852234693692313,0.00130371413425199,0.0025027180134760845,0.0020386963820245452,0.002805963691791373,0.00894816602296933,0.0016927574315917392,4.5410639167713644e-05,0.007305017595586669,0.0019459287019987896,0.0034992899345107358,0.0009779032739265093,0.0030295305741887043,0.0030316013550666238
