outcome,state_rep,action_rep,cate_estimator,p_wins,prop_lb,AUTOC_val_t1,AUTOC_val_t2,AUTOC_val_t3,AUTOC_val_t4,AUTOC_val_t5,AUTOC_se_val_t1,AUTOC_se_val_t2,AUTOC_se_val_t3,AUTOC_se_val_t4,AUTOC_se_val_t5,AUTOC_test_t1,AUTOC_test_t2,AUTOC_test_t3,AUTOC_test_t4,AUTOC_test_t5,AUTOC_se_test_t1,AUTOC_se_test_t2,AUTOC_se_test_t3,AUTOC_se_test_t4,AUTOC_se_test_t5
delta_in_range_fw_7d,Raw (UMAP) (+2w lags in control covars),Expert v3,CF,0.05,0.01,-0.0009316448774843058,-0.003917852730338014,0.0012867267341430523,0.0015340656736899327,0.002649872100022831,0.002516172927188784,0.0027309886843075574,0.0021387930725690497,0.0020828011082163257,0.002600973253062729,0.0005888581153845511,-0.0008957913615744679,0.004937649546088579,0.00235348130524332,0.005958057002370592,0.003522585900214493,0.0033241062088972314,0.001273284157641012,0.001632754134054691,0.00232156959477094
