outcome,state_rep,action_rep,cate_estimator,p_wins,prop_lb,AUTOC_val_t1,AUTOC_val_t2,AUTOC_val_t3,AUTOC_val_t4,AUTOC_val_t5,AUTOC_se_val_t1,AUTOC_se_val_t2,AUTOC_se_val_t3,AUTOC_se_val_t4,AUTOC_se_val_t5,AUTOC_test_t1,AUTOC_test_t2,AUTOC_test_t3,AUTOC_test_t4,AUTOC_test_t5,AUTOC_se_test_t1,AUTOC_se_test_t2,AUTOC_se_test_t3,AUTOC_se_test_t4,AUTOC_se_test_t5
delta_in_range_fw_7d,Raw (TS2Vec) (+3w lags in control covars),Expert v3,Ensemble,0.05,0.01,-0.0015430535183530677,0.0010524442049159302,0.0003307679220711268,0.0003144004406678449,1.9845359905942245e-05,0.002540419521573917,0.0027677342402970765,0.0015617268861931777,0.0021043396191471357,0.0027547402918867044,0.005038061840006633,0.0009462496918636869,0.0010234865275658299,0.006422767880255373,0.0038920305365334295,0.002690871260645385,0.002445951819137932,0.0015116077554956707,0.0021578053903710545,0.002462871907330092
