outcome,state_rep,action_rep,cate_estimator,p_wins,prop_lb,AUTOC_val_t1,AUTOC_val_t2,AUTOC_val_t3,AUTOC_val_t4,AUTOC_val_t5,AUTOC_se_val_t1,AUTOC_se_val_t2,AUTOC_se_val_t3,AUTOC_se_val_t4,AUTOC_se_val_t5,AUTOC_test_t1,AUTOC_test_t2,AUTOC_test_t3,AUTOC_test_t4,AUTOC_test_t5,AUTOC_se_test_t1,AUTOC_se_test_t2,AUTOC_se_test_t3,AUTOC_se_test_t4,AUTOC_se_test_t5
delta_in_range_fw_7d,TIDE (+2w lags in control covars),Expert v3,Ensemble,0.05,0.01,-0.0031879732311280128,0.005340592727582098,0.011428885899241594,0.0029016956435289356,0.00697692436362724,0.003649987631924192,0.002300532579622583,0.0015202885307188609,0.0020015020349716116,0.0023614599426273588,-0.0007429848426501235,6.594411981616182e-05,0.010654347645312458,-0.0003492825462914408,0.006014943144655882,0.004017251340086892,0.003397746618371586,0.0015060017652168847,0.0027716661503237768,0.0029813818233561285
