outcome,state_rep,action_rep,cate_estimator,p_wins,prop_lb,AUTOC_val_t1,AUTOC_val_t2,AUTOC_val_t3,AUTOC_val_t4,AUTOC_val_t5,AUTOC_se_val_t1,AUTOC_se_val_t2,AUTOC_se_val_t3,AUTOC_se_val_t4,AUTOC_se_val_t5,AUTOC_test_t1,AUTOC_test_t2,AUTOC_test_t3,AUTOC_test_t4,AUTOC_test_t5,AUTOC_se_test_t1,AUTOC_se_test_t2,AUTOC_se_test_t3,AUTOC_se_test_t4,AUTOC_se_test_t5
delta_in_range_fw_7d,Raw (TS2Vec) (+2w lags in control covars),Clustered Embeddings (4),XLearner,0.05,0.01,0.0023388563047902593,0.003186430675627023,0.0003996604031898928,0.0016465534846815749,3.4312102716870944e-05,0.0017191300143927367,0.00223012911019179,0.0014481171784078391,0.0027611590847772777,0.002049679968097695,0.001573874072202649,0.009186861320186509,0.0011252937978276133,-0.0007479497947547634,0.004845075687777642,0.002173113103509701,0.0028689586738594223,0.001283753010122599,0.0038464460071601816,0.002817733374322713
