outcome,state_rep,action_rep,cate_estimator,p_wins,prop_lb,AUTOC_val_t1,AUTOC_val_t2,AUTOC_val_t3,AUTOC_val_t4,AUTOC_val_t5,AUTOC_se_val_t1,AUTOC_se_val_t2,AUTOC_se_val_t3,AUTOC_se_val_t4,AUTOC_se_val_t5,AUTOC_test_t1,AUTOC_test_t2,AUTOC_test_t3,AUTOC_test_t4,AUTOC_test_t5,AUTOC_se_test_t1,AUTOC_se_test_t2,AUTOC_se_test_t3,AUTOC_se_test_t4,AUTOC_se_test_t5
delta_in_range_fw_7d,Raw (UMAP) (+4w lags in control covars),Expert v3,SLearner,0.05,0.01,0.004417992695477733,-0.0030612346316342878,0.00020452984826122364,0.0004244598579360015,0.0007537565292409584,0.003491143882871266,0.0025517707862243552,0.0009638478631989041,0.0017842929389160446,0.0029226943872002918,0.0017444921553858089,-0.0041566193056568924,0.0035425555647183842,0.0006582373400884587,-0.005598652545803637,0.0037658563332676684,0.0033446769326442743,0.0013523096704174081,0.0020875039340368675,0.0027854408118188952
