outcome,state_rep,action_rep,cate_estimator,p_wins,prop_lb,AUTOC_val_t1,AUTOC_val_t2,AUTOC_se_val_t1,AUTOC_se_val_t2,AUTOC_test_t1,AUTOC_test_t2,AUTOC_se_test_t1,AUTOC_se_test_t2
delta_in_range_fw_7d,TIDE (+2w lags in control covars),Binary (any),DRForest,0.05,0.01,0.0010174750784947687,0.0010174750784947687,0.0013758806219596456,0.0013758806219596456,0.0008127629746996013,0.0008127629746996013,0.0018434349064007443,0.0018434349064007443
