outcome,state_rep,action_rep,cate_estimator,p_wins,prop_lb,AUTOC_val_t1,AUTOC_val_t2,AUTOC_val_t3,AUTOC_val_t4,AUTOC_val_t5,AUTOC_se_val_t1,AUTOC_se_val_t2,AUTOC_se_val_t3,AUTOC_se_val_t4,AUTOC_se_val_t5,AUTOC_test_t1,AUTOC_test_t2,AUTOC_test_t3,AUTOC_test_t4,AUTOC_test_t5,AUTOC_se_test_t1,AUTOC_se_test_t2,AUTOC_se_test_t3,AUTOC_se_test_t4,AUTOC_se_test_t5
delta_in_range_fw_7d,Raw (UMAP) (+2w lags in control covars),Clustered Embeddings (4),SLearner,0.05,0.01,-0.00028559488634691743,-0.0004907813215163843,0.002213667570721697,0.0015618387801823888,0.001631384450127209,0.0016515713599262567,0.002597365732813782,0.0013380074431173043,0.002586022821489063,0.0019096104720333583,-0.001829493432745903,0.0030249157928023893,0.0012785021381413993,0.004769992670357942,0.004787627582456888,0.002002169238725772,0.002815795612818031,0.0009342479328208411,0.0032967255335828462,0.002398726868333234
