outcome,state_rep,action_rep,cate_estimator,p_wins,prop_lb,AUTOC_val_t1,AUTOC_val_t2,AUTOC_val_t3,AUTOC_val_t4,AUTOC_val_t5,AUTOC_se_val_t1,AUTOC_se_val_t2,AUTOC_se_val_t3,AUTOC_se_val_t4,AUTOC_se_val_t5,AUTOC_test_t1,AUTOC_test_t2,AUTOC_test_t3,AUTOC_test_t4,AUTOC_test_t5,AUTOC_se_test_t1,AUTOC_se_test_t2,AUTOC_se_test_t3,AUTOC_se_test_t4,AUTOC_se_test_t5
delta_in_range_fw_7d,Raw (UMAP) (+1w lags in control covars),Expert v3,DRForest,0.05,0.01,-4.832452854115995e-05,-0.0033331488824257204,0.0024941933381720776,0.00021054155472073987,-0.0014373831984614083,0.0025247833676135985,0.0031425007105691043,0.0015854123207062873,0.0021153320352545906,0.002683821950889759,-0.0013365258440819017,-0.005305940163034787,0.003245687658217707,0.003962723970681913,-0.002601062342954027,0.003029863986626586,0.003461739547079837,0.001609509289015112,0.0019247330656922692,0.002664439875267811
