outcome,state_rep,action_rep,cate_estimator,p_wins,prop_lb,AUTOC_val_t1,AUTOC_val_t2,AUTOC_val_t3,AUTOC_val_t4,AUTOC_val_t5,AUTOC_se_val_t1,AUTOC_se_val_t2,AUTOC_se_val_t3,AUTOC_se_val_t4,AUTOC_se_val_t5,AUTOC_test_t1,AUTOC_test_t2,AUTOC_test_t3,AUTOC_test_t4,AUTOC_test_t5,AUTOC_se_test_t1,AUTOC_se_test_t2,AUTOC_se_test_t3,AUTOC_se_test_t4,AUTOC_se_test_t5
delta_in_range_fw_7d,Raw (UMAP) (+2w lags in control covars),Clustered Embeddings (4),XLearner,0.05,0.01,-0.001250631131169382,0.00034969744548857176,0.0015904275837493867,0.003507681061597918,-9.468155819647657e-05,0.0015461537057891188,0.0030586531684527094,0.0014970300709770282,0.0022793377949557143,0.0019208183693016447,-0.0028931636283736246,0.0057079245570431725,0.003177203899059439,0.0022365430081626734,0.0022130657134285486,0.002080720910539788,0.002525246132616144,0.0013963290738310031,0.0031133711796617522,0.002333029808345016
