outcome,state_rep,action_rep,cate_estimator,p_wins,prop_lb,AUTOC_val_t1,AUTOC_val_t2,AUTOC_val_t3,AUTOC_val_t4,AUTOC_val_t5,AUTOC_se_val_t1,AUTOC_se_val_t2,AUTOC_se_val_t3,AUTOC_se_val_t4,AUTOC_se_val_t5,AUTOC_test_t1,AUTOC_test_t2,AUTOC_test_t3,AUTOC_test_t4,AUTOC_test_t5,AUTOC_se_test_t1,AUTOC_se_test_t2,AUTOC_se_test_t3,AUTOC_se_test_t4,AUTOC_se_test_t5
delta_in_range_fw_7d,Raw (UMAP) (+1w lags in control covars),Clustered Embeddings (4),SLearner,0.05,0.01,0.0007800649638023907,0.0004814836137589293,0.003212450031508951,0.0030172096370275126,0.002576607166783191,0.001577755205772526,0.0029111485650126696,0.0014425393654342,0.0022489667673212766,0.002339885031539656,-0.0015791098574420373,0.005197719031964776,0.0026276071318996415,0.00262467005311765,0.006159268513290119,0.0018780133802929542,0.002663601557773823,0.0012967986344063378,0.003085927000832857,0.002005713382250784
