outcome,state_rep,action_rep,cate_estimator,p_wins,prop_lb,AUTOC_val_t1,AUTOC_val_t2,AUTOC_val_t3,AUTOC_val_t4,AUTOC_val_t5,AUTOC_se_val_t1,AUTOC_se_val_t2,AUTOC_se_val_t3,AUTOC_se_val_t4,AUTOC_se_val_t5,AUTOC_test_t1,AUTOC_test_t2,AUTOC_test_t3,AUTOC_test_t4,AUTOC_test_t5,AUTOC_se_test_t1,AUTOC_se_test_t2,AUTOC_se_test_t3,AUTOC_se_test_t4,AUTOC_se_test_t5
delta_in_range_fw_7d,TIDE (+4w lags in control covars),Clustered Embeddings (4),Ensemble,0.05,0.01,-0.005888047431441171,0.0035456358425056908,0.007401186881858534,0.008984215929277582,0.005885948851009591,0.0029772198258376423,0.0033362051394054434,0.0014870493806953208,0.003116960560556512,0.0023107951443843027,0.0005967188915247365,-0.0007796977387172649,0.00802116631047068,0.0013939069450271578,0.00492230013182241,0.002056023299831241,0.004095919814121922,0.0015495157437492172,0.002634232618822364,0.0019917797367781736
