outcome,state_rep,action_rep,cate_estimator,p_wins,prop_lb,AUTOC_val_t1,AUTOC_val_t2,AUTOC_val_t3,AUTOC_val_t4,AUTOC_val_t5,AUTOC_se_val_t1,AUTOC_se_val_t2,AUTOC_se_val_t3,AUTOC_se_val_t4,AUTOC_se_val_t5,AUTOC_test_t1,AUTOC_test_t2,AUTOC_test_t3,AUTOC_test_t4,AUTOC_test_t5,AUTOC_se_test_t1,AUTOC_se_test_t2,AUTOC_se_test_t3,AUTOC_se_test_t4,AUTOC_se_test_t5
delta_in_range_fw_7d,Raw (TS2Vec) (+2w lags in control covars),Expert v3,XLearner,0.05,0.01,0.0004987138176288317,0.0014604164745694698,0.005872067832386244,-0.001492511841904502,0.005486156429620273,0.0022112432873509767,0.002836708802715118,0.0011865277040456388,0.0020688522480248332,0.0023076016407853716,0.00043993916848535347,-0.00046016922138978575,0.006501059460534796,0.0036108326823979793,0.005070673491112263,0.0031610898983479925,0.0032446096927304367,0.001783878293568469,0.0022836632145376507,0.002701168884371802
