outcome,state_rep,action_rep,cate_estimator,p_wins,prop_lb,AUTOC_val_t1,AUTOC_val_t2,AUTOC_val_t3,AUTOC_val_t4,AUTOC_val_t5,AUTOC_se_val_t1,AUTOC_se_val_t2,AUTOC_se_val_t3,AUTOC_se_val_t4,AUTOC_se_val_t5,AUTOC_test_t1,AUTOC_test_t2,AUTOC_test_t3,AUTOC_test_t4,AUTOC_test_t5,AUTOC_se_test_t1,AUTOC_se_test_t2,AUTOC_se_test_t3,AUTOC_se_test_t4,AUTOC_se_test_t5
delta_in_range_fw_7d,Raw (TS2Vec) (+2w lags in control covars),Clustered Embeddings (4),TLearner,0.05,0.01,-0.0001980894014087215,-0.0007979057611426624,0.0006466949928117016,-0.0006147378961032825,-0.00023899172235329407,0.0015479576729242443,0.0028483319909626548,0.0011938370583043335,0.0027968827800785145,0.00204669311470559,0.0015115433020359665,0.0069437156874779206,0.0018429259372214845,-0.0001557747347006938,0.008104582987886806,0.002101620138992687,0.003470463056227603,0.0010723492523597568,0.003299860437866806,0.0032461242080079667
