outcome,state_rep,action_rep,cate_estimator,p_wins,prop_lb,AUTOC_val_t1,AUTOC_val_t2,AUTOC_val_t3,AUTOC_val_t4,AUTOC_val_t5,AUTOC_se_val_t1,AUTOC_se_val_t2,AUTOC_se_val_t3,AUTOC_se_val_t4,AUTOC_se_val_t5,AUTOC_test_t1,AUTOC_test_t2,AUTOC_test_t3,AUTOC_test_t4,AUTOC_test_t5,AUTOC_se_test_t1,AUTOC_se_test_t2,AUTOC_se_test_t3,AUTOC_se_test_t4,AUTOC_se_test_t5
delta_in_range_fw_7d,Raw (TS2Vec) (+3w lags in control covars),Clustered Embeddings (4),SLearner,0.05,0.01,0.00047980465190904965,0.0029104383165340516,-0.0009611173449817187,-0.0007532857239350275,-0.0022841180380391676,0.0017970989120828628,0.0030460332925698838,0.0013674037312277384,0.002030218350182189,0.0018770352760276107,0.00408059988022856,0.007247014686955487,-0.0005236851980816124,0.0033542463076938157,0.0061042052114508175,0.002221392783944852,0.0030265780041241635,0.0008931347828512317,0.002170620123872674,0.0024459703365272
