outcome,state_rep,action_rep,cate_estimator,p_wins,prop_lb,AUTOC_val_t1,AUTOC_val_t2,AUTOC_val_t3,AUTOC_val_t4,AUTOC_val_t5,AUTOC_se_val_t1,AUTOC_se_val_t2,AUTOC_se_val_t3,AUTOC_se_val_t4,AUTOC_se_val_t5,AUTOC_test_t1,AUTOC_test_t2,AUTOC_test_t3,AUTOC_test_t4,AUTOC_test_t5,AUTOC_se_test_t1,AUTOC_se_test_t2,AUTOC_se_test_t3,AUTOC_se_test_t4,AUTOC_se_test_t5
delta_in_range_fw_7d,TIDE (+3w lags in control covars),Clustered Embeddings (4),TLearner,0.05,0.01,-0.0025053479712907364,0.0018431134964045615,0.009278180922173376,0.009152856261386464,0.0062371088139075576,0.0027750218840808336,0.003258328687973283,0.0015417384065332075,0.0027726529738604532,0.0023378007399362946,0.00041630451216650223,0.0007988911069285043,0.009920509739230452,0.00010924938626583331,0.0037430880184646,0.0020774282308068373,0.003364590148895198,0.0013856365433885527,0.002580494755483749,0.002313670820543513
