outcome,state_rep,action_rep,cate_estimator,p_wins,prop_lb,AUTOC_val_t1,AUTOC_val_t2,AUTOC_val_t3,AUTOC_val_t4,AUTOC_val_t5,AUTOC_se_val_t1,AUTOC_se_val_t2,AUTOC_se_val_t3,AUTOC_se_val_t4,AUTOC_se_val_t5,AUTOC_test_t1,AUTOC_test_t2,AUTOC_test_t3,AUTOC_test_t4,AUTOC_test_t5,AUTOC_se_test_t1,AUTOC_se_test_t2,AUTOC_se_test_t3,AUTOC_se_test_t4,AUTOC_se_test_t5
delta_in_range_fw_7d,Raw (TS2Vec) (+4w lags in control covars),Clustered Embeddings (4),SLearner,0.05,0.01,-0.0024686647009898414,0.0032209455106852504,-0.00022221535968643285,-0.0039996876730707094,-0.0008626182136804063,0.0016678976609880397,0.00317900754565679,0.0013182506046657942,0.002937455700116501,0.00278236292004329,0.004720234575430392,0.0043851081508788445,-0.001835159917409626,0.004039298654703799,0.00498613943379842,0.0019553417475133964,0.003538453905541737,0.001032028479754066,0.002785270168139794,0.002848350556223212
