outcome,state_rep,action_rep,cate_estimator,p_wins,prop_lb,AUTOC_val_t1,AUTOC_val_t2,AUTOC_val_t3,AUTOC_val_t4,AUTOC_val_t5,AUTOC_se_val_t1,AUTOC_se_val_t2,AUTOC_se_val_t3,AUTOC_se_val_t4,AUTOC_se_val_t5,AUTOC_test_t1,AUTOC_test_t2,AUTOC_test_t3,AUTOC_test_t4,AUTOC_test_t5,AUTOC_se_test_t1,AUTOC_se_test_t2,AUTOC_se_test_t3,AUTOC_se_test_t4,AUTOC_se_test_t5
delta_in_range_fw_7d,Raw (TS2Vec) (+4w lags in control covars),Clustered Embeddings (4),CF,0.05,0.01,0.0028300750670620213,-0.0001137427879678288,0.0012888212348380822,0.0019124932457335287,-6.792930937039587e-05,0.002017138365469161,0.0025865973320562748,0.0014146858484074005,0.0026305256157177735,0.002037421935364213,0.004105120790432876,0.00933410381151806,-0.001037469024933444,-0.00028039271897536966,-0.002456390754942459,0.002012439487522356,0.0037292961213675323,0.0011016114094752414,0.0026413546646725876,0.0019198247381900756
