outcome,state_rep,action_rep,cate_estimator,p_wins,prop_lb,AUTOC_val_t1,AUTOC_val_t2,AUTOC_val_t3,AUTOC_val_t4,AUTOC_val_t5,AUTOC_se_val_t1,AUTOC_se_val_t2,AUTOC_se_val_t3,AUTOC_se_val_t4,AUTOC_se_val_t5,AUTOC_test_t1,AUTOC_test_t2,AUTOC_test_t3,AUTOC_test_t4,AUTOC_test_t5,AUTOC_se_test_t1,AUTOC_se_test_t2,AUTOC_se_test_t3,AUTOC_se_test_t4,AUTOC_se_test_t5
delta_in_range_fw_7d,Raw (UMAP) (+2w lags in control covars),Clustered Embeddings (4),TLearner,0.05,0.01,0.0005849741234730876,-0.000233141450178063,0.0025652739466244484,0.004194276384325503,0.0017248455391782355,0.0016717055837888624,0.003165168513419694,0.0013663334761215536,0.0023542598639635566,0.0021278322420992955,-0.0016041133346362546,0.004103951684075292,0.003321454489718006,0.0029106669359387645,0.006822999166299041,0.0019439963650070117,0.002816448374593866,0.001251813940156603,0.0030441737590541926,0.002223299067914478
