outcome,state_rep,action_rep,cate_estimator,p_wins,prop_lb,AUTOC_val_t1,AUTOC_val_t2,AUTOC_val_t3,AUTOC_val_t4,AUTOC_val_t5,AUTOC_se_val_t1,AUTOC_se_val_t2,AUTOC_se_val_t3,AUTOC_se_val_t4,AUTOC_se_val_t5,AUTOC_test_t1,AUTOC_test_t2,AUTOC_test_t3,AUTOC_test_t4,AUTOC_test_t5,AUTOC_se_test_t1,AUTOC_se_test_t2,AUTOC_se_test_t3,AUTOC_se_test_t4,AUTOC_se_test_t5
delta_in_range_fw_7d,Raw (UMAP) (+3w lags in control covars),Expert v3,Ensemble,0.05,0.01,0.005047447897692768,-0.0017196021700054643,0.0017786316969249439,0.0013558514432956126,0.0005144882704686875,0.0024066467651824054,0.0024130120404677047,0.0012135010746888572,0.002036729462271861,0.0025881193182464434,0.0009675943796707981,-0.0028444846748205623,0.004294400410313996,0.0007786295762097794,-0.004677474642050155,0.003301173668637582,0.0031126464109405153,0.0013588878722562284,0.0020327980008948794,0.002723655711773456
