outcome,state_rep,action_rep,cate_estimator,p_wins,prop_lb,AUTOC_val_t1,AUTOC_val_t2,AUTOC_val_t3,AUTOC_val_t4,AUTOC_val_t5,AUTOC_se_val_t1,AUTOC_se_val_t2,AUTOC_se_val_t3,AUTOC_se_val_t4,AUTOC_se_val_t5,AUTOC_test_t1,AUTOC_test_t2,AUTOC_test_t3,AUTOC_test_t4,AUTOC_test_t5,AUTOC_se_test_t1,AUTOC_se_test_t2,AUTOC_se_test_t3,AUTOC_se_test_t4,AUTOC_se_test_t5
delta_in_range_fw_7d,Raw (UMAP) (+1w lags in control covars),Expert v3,CF,0.05,0.01,-0.0006372996998645661,-0.0038826745996185185,0.0021154320575023436,0.002515732695539747,0.0029677725900166783,0.0027457714537828123,0.0028459273422139237,0.00190715515998096,0.0022460760433083184,0.0025648887127951115,-0.000600995122927376,-0.0019481379108120128,0.005810242642418488,0.0034313327207839226,0.006873645522283063,0.003655042692885942,0.0031441857142289215,0.0013908122374154998,0.0019718938551600384,0.002296761356464384
