outcome,state_rep,action_rep,cate_estimator,p_wins,prop_lb,AUTOC_val_t1,AUTOC_val_t2,AUTOC_val_t3,AUTOC_val_t4,AUTOC_val_t5,AUTOC_se_val_t1,AUTOC_se_val_t2,AUTOC_se_val_t3,AUTOC_se_val_t4,AUTOC_se_val_t5,AUTOC_test_t1,AUTOC_test_t2,AUTOC_test_t3,AUTOC_test_t4,AUTOC_test_t5,AUTOC_se_test_t1,AUTOC_se_test_t2,AUTOC_se_test_t3,AUTOC_se_test_t4,AUTOC_se_test_t5
delta_in_range_fw_7d,TIDE (+3w lags in control covars),Clustered Embeddings (4),DRForest,0.05,0.01,-0.004264933144495445,0.003178470351878991,0.005234207260665534,0.007465669719130183,-5.870136090067263e-05,0.002477719416906855,0.0030763578501628243,0.001369228731721428,0.0028065370619306082,0.0025537002342380286,2.742736644587182e-05,0.00011578205955957252,0.00620164115843424,-0.0006021069594209106,0.00016003987295462116,0.001996372122730246,0.003725030444082724,0.0015914905915934616,0.00239642247509956,0.0019645477774701365
