outcome,state_rep,action_rep,cate_estimator,p_wins,prop_lb,AUTOC_val_t1,AUTOC_val_t2,AUTOC_val_t3,AUTOC_val_t4,AUTOC_val_t5,AUTOC_se_val_t1,AUTOC_se_val_t2,AUTOC_se_val_t3,AUTOC_se_val_t4,AUTOC_se_val_t5,AUTOC_test_t1,AUTOC_test_t2,AUTOC_test_t3,AUTOC_test_t4,AUTOC_test_t5,AUTOC_se_test_t1,AUTOC_se_test_t2,AUTOC_se_test_t3,AUTOC_se_test_t4,AUTOC_se_test_t5
delta_in_range_fw_7d,Raw (TS2Vec) (+1w lags in control covars),Expert v3,SLearner,0.05,0.01,-0.003536851772639308,0.0002658409882683297,0.0028556190946351224,-0.001353353458087263,-0.0031475582931434526,0.0026650993219761985,0.0027351116510543226,0.0014241959488105742,0.002172390845198041,0.0023153979541047642,0.0023538568790646757,0.00010620617905924465,0.004128385304046257,0.005816499222628592,-0.002950869881992227,0.0025767968152757966,0.0027739509035638356,0.0017604913578550677,0.002284717266586304,0.002372928627219271
