outcome,state_rep,action_rep,cate_estimator,p_wins,prop_lb,AUTOC_val_t1,AUTOC_val_t2,AUTOC_val_t3,AUTOC_val_t4,AUTOC_val_t5,AUTOC_se_val_t1,AUTOC_se_val_t2,AUTOC_se_val_t3,AUTOC_se_val_t4,AUTOC_se_val_t5,AUTOC_test_t1,AUTOC_test_t2,AUTOC_test_t3,AUTOC_test_t4,AUTOC_test_t5,AUTOC_se_test_t1,AUTOC_se_test_t2,AUTOC_se_test_t3,AUTOC_se_test_t4,AUTOC_se_test_t5
delta_in_range_fw_7d,Raw (TS2Vec) (+2w lags in control covars),Expert v3,SLearner,0.05,0.01,-0.002589438292367669,0.0009996495943456153,0.000638837897728159,-0.0008431411881560904,-0.00037430880116742505,0.0026385577489054382,0.003063464166021518,0.0014291098573903248,0.0019214743904339754,0.0027749970593830943,0.004508029877010032,0.0015189359427540481,0.0015089523163924201,0.005766478745675885,0.0036503601044550553,0.002749275902114234,0.003179435752834621,0.0015479052616745727,0.0020532876706307024,0.00305591757238231
