outcome,state_rep,action_rep,cate_estimator,p_wins,prop_lb,AUTOC_val_t1,AUTOC_val_t2,AUTOC_val_t3,AUTOC_se_val_t1,AUTOC_se_val_t2,AUTOC_se_val_t3,AUTOC_test_t1,AUTOC_test_t2,AUTOC_test_t3,AUTOC_se_test_t1,AUTOC_se_test_t2,AUTOC_se_test_t3
delta_in_range_fw_7d,Raw (UMAP),Binary (dose change),SLearner,0.05,0.01,-0.0019634612676713145,0.0013551665061975046,0.0004117408521170796,0.0027940259554364195,0.0015444415120234455,0.0025257360071201307,0.00280037635517946,-0.001079212121755426,0.0026521381123530375,0.0026832830938272475,0.0015513591068051827,0.0029258822300496216
