outcome,state_rep,action_rep,cate_estimator,p_wins,prop_lb,AUTOC_val_t1,AUTOC_val_t2,AUTOC_val_t3,AUTOC_se_val_t1,AUTOC_se_val_t2,AUTOC_se_val_t3,AUTOC_test_t1,AUTOC_test_t2,AUTOC_test_t3,AUTOC_se_test_t1,AUTOC_se_test_t2,AUTOC_se_test_t3
delta_in_range_fw_7d,TIDE,Binary (dose change),DRForest,0.05,0.01,-0.0035671958141415424,0.0009585116890086006,-7.824942223515891e-05,0.0027802011750563817,0.0017695340596141436,0.0022669688958196045,0.0011383994803559085,0.0008218003765865234,0.0018433193245671435,0.0020533850444189932,0.0019863188887298175,0.002117938433108098
