outcome,state_rep,action_rep,cate_estimator,p_wins,prop_lb,AUTOC_val_t1,AUTOC_val_t2,AUTOC_val_t3,AUTOC_se_val_t1,AUTOC_se_val_t2,AUTOC_se_val_t3,AUTOC_test_t1,AUTOC_test_t2,AUTOC_test_t3,AUTOC_se_test_t1,AUTOC_se_test_t2,AUTOC_se_test_t3
delta_in_range_fw_7d,Raw (UMAP),Binary (dose change),DRForest,0.05,0.01,-0.0010219028920829308,0.001405972858157689,0.00036695596310829746,0.0028999801103709692,0.0014900651635559655,0.0024153262536596707,0.003606239404493594,-0.0016524274483574659,0.0029626762504265758,0.002454642240331396,0.0016072304717458922,0.0023498956248577544
