outcome,state_rep,action_rep,cate_estimator,p_wins,prop_lb,AUTOC_val_t1,AUTOC_val_t2,AUTOC_val_t3,AUTOC_se_val_t1,AUTOC_se_val_t2,AUTOC_se_val_t3,AUTOC_test_t1,AUTOC_test_t2,AUTOC_test_t3,AUTOC_se_test_t1,AUTOC_se_test_t2,AUTOC_se_test_t3
delta_in_range_fw_7d,Raw (UMAP),Binary (dose change),TLearner,0.05,0.01,-0.0024858122759544975,0.0021403434479012736,0.0005012926729290825,0.00268486245841078,0.001673612859677892,0.002292184701539886,-1.693662370022693e-05,-0.0007016783998927176,-7.89089959059363e-05,0.0027711498937278943,0.001709847382732625,0.0029548610890360624
