outcome,state_rep,action_rep,cate_estimator,p_wins,prop_lb,AUTOC_val_t1,AUTOC_val_t2,AUTOC_val_t3,AUTOC_se_val_t1,AUTOC_se_val_t2,AUTOC_se_val_t3,AUTOC_test_t1,AUTOC_test_t2,AUTOC_test_t3,AUTOC_se_test_t1,AUTOC_se_test_t2,AUTOC_se_test_t3
delta_in_range_fw_7d,TIDE,Binary (dose change),Ensemble,0.05,0.01,0.002784923991743406,-0.0002166168100858665,0.0027470907073564484,0.0031917198287998373,0.001978714228424394,0.0027569397853525962,0.012687246044281996,0.00021826324055215223,0.009351740201978717,0.0023605072754161517,0.0019146680741212022,0.00253484540615216
