outcome,state_rep,action_rep,cate_estimator,p_wins,prop_lb,AUTOC_val_t1,AUTOC_val_t2,AUTOC_val_t3,AUTOC_se_val_t1,AUTOC_se_val_t2,AUTOC_se_val_t3,AUTOC_test_t1,AUTOC_test_t2,AUTOC_test_t3,AUTOC_se_test_t1,AUTOC_se_test_t2,AUTOC_se_test_t3
delta_in_range_fw_7d,TIDE,Binary (dose change),TLearner,0.05,0.01,0.007661624588883379,0.0011886941105469112,0.008352456721254417,0.0027762069088173337,0.001995342941237583,0.002353561613802603,0.012584759944999533,-0.0008424117895381086,0.011827458192052585,0.0027754684480757043,0.0016540307224123464,0.002586042954191488
