outcome,state_rep,action_rep,cate_estimator,p_wins,prop_lb,AUTOC_val_t1,AUTOC_val_t2,AUTOC_val_t3,AUTOC_se_val_t1,AUTOC_se_val_t2,AUTOC_se_val_t3,AUTOC_test_t1,AUTOC_test_t2,AUTOC_test_t3,AUTOC_se_test_t1,AUTOC_se_test_t2,AUTOC_se_test_t3
delta_in_range_fw_7d,TIDE,Binary (dose change),SLearner,0.05,0.01,0.002765241901886914,-0.00027703620452200326,0.0027825699086778052,0.0030500886245382057,0.001913005627939057,0.002614338161310974,0.012697429348507181,0.0003185845716895298,0.009445675322621295,0.002402562809881997,0.0017164234542441136,0.0025691530866713886
