outcome,state_rep,action_rep,cate_estimator,p_wins,prop_lb,AUTOC_val_t1,AUTOC_val_t2,AUTOC_val_t3,AUTOC_se_val_t1,AUTOC_se_val_t2,AUTOC_se_val_t3,AUTOC_test_t1,AUTOC_test_t2,AUTOC_test_t3,AUTOC_se_test_t1,AUTOC_se_test_t2,AUTOC_se_test_t3
delta_in_range_fw_7d,Raw (UMAP),Binary (dose change),CF,0.05,0.01,-0.0013302661906902482,0.0034553879789441773,0.002342722206159904,0.002984891704840069,0.0013096088679350661,0.0023175148428087712,0.000776292351209713,-0.0024083240226817275,-0.00023939417207792703,0.003055925393829265,0.0015878420041085446,0.0030538427902829044
