outcome,state_rep,action_rep,cate_estimator,p_wins,prop_lb,AUTOC_val_t1,AUTOC_val_t2,AUTOC_val_t3,AUTOC_se_val_t1,AUTOC_se_val_t2,AUTOC_se_val_t3,AUTOC_test_t1,AUTOC_test_t2,AUTOC_test_t3,AUTOC_se_test_t1,AUTOC_se_test_t2,AUTOC_se_test_t3
delta_in_range_fw_7d,Raw (UMAP),Binary (dose change),Ensemble,0.05,0.01,-0.001703476730430787,0.00345683039122735,0.002089796096009112,0.0030328490282021253,0.0013622690179510412,0.002406935247782075,0.0006537206389838331,-0.00245524949469905,-0.00038454799620399425,0.002920465023924929,0.0016385231949320766,0.0030358423829798514
