outcome,state_rep,action_rep,cate_estimator,p_wins,prop_lb,AUTOC_val_t1,AUTOC_val_t2,AUTOC_val_t3,AUTOC_se_val_t1,AUTOC_se_val_t2,AUTOC_se_val_t3,AUTOC_test_t1,AUTOC_test_t2,AUTOC_test_t3,AUTOC_se_test_t1,AUTOC_se_test_t2,AUTOC_se_test_t3
delta_in_range_fw_7d,TIDE,Binary (dose change),XLearner,0.05,0.01,-0.0074008160766764666,0.002698288943360084,-0.002365049148847324,0.0030046053758684293,0.0018177270173466516,0.0026318619603512006,-0.00017184239593616567,0.0005314683427672934,0.0009444905479260157,0.0021094844021815875,0.0018231345674141644,0.0021892912667176756
