outcome,state_rep,action_rep,cate_estimator,p_wins,prop_lb,AUTOC_val_t1,AUTOC_val_t2,AUTOC_val_t3,AUTOC_se_val_t1,AUTOC_se_val_t2,AUTOC_se_val_t3,AUTOC_test_t1,AUTOC_test_t2,AUTOC_test_t3,AUTOC_se_test_t1,AUTOC_se_test_t2,AUTOC_se_test_t3
delta_in_range_fw_7d,Raw (UMAP),Binary (dose change),XLearner,0.05,0.01,-0.003718552206622113,0.0027051276649254987,0.0005549445929193171,0.0027165070665733063,0.0016276666052631643,0.0022926701707541445,-0.00019120121601012163,-0.0007644042722822342,-0.00317599500120924,0.0031163180064401053,0.0016231412404081008,0.0027100571828642087
