outcome,state_rep,action_rep,cate_estimator,p_wins,prop_lb,AUTOC_val_t1,AUTOC_val_t2,AUTOC_val_t3,AUTOC_se_val_t1,AUTOC_se_val_t2,AUTOC_se_val_t3,AUTOC_test_t1,AUTOC_test_t2,AUTOC_test_t3,AUTOC_se_test_t1,AUTOC_se_test_t2,AUTOC_se_test_t3
delta_in_range_fw_7d,TIDE,Binary (dose change),CF,0.05,0.01,-0.004113555383514653,0.0016846832353125856,-4.027731614499633e-05,0.0031330219762760706,0.0020241278356413306,0.0029929863034187437,0.0006272539892069973,0.0008801819977014788,0.0030279293649390438,0.002329804471136915,0.0018060003319081027,0.0021538576271654076
