outcome,state_rep,action_rep,cate_estimator,p_wins,prop_lb,AUTOC_val_t1,AUTOC_val_t2,AUTOC_val_t3,AUTOC_val_t4,AUTOC_se_val_t1,AUTOC_se_val_t2,AUTOC_se_val_t3,AUTOC_se_val_t4,AUTOC_test_t1,AUTOC_test_t2,AUTOC_test_t3,AUTOC_test_t4,AUTOC_se_test_t1,AUTOC_se_test_t2,AUTOC_se_test_t3,AUTOC_se_test_t4
delta_in_range_fw_7d,Expert (subset),Expert,XLearner,0.05,0.01,-0.0007494370226776799,-0.000866312252368117,0.0006608563227341642,0.0017662183675423433,0.0028462754162861324,0.002741992845486319,0.002272465523922482,0.0026122322957194675,-0.008831141432186225,0.007085423910152971,0.0007049990355453817,0.0040729312653497675,0.0038498053255008663,0.0025452686988652706,0.002083098802661361,0.003236518659957954
