outcome,state_rep,action_rep,cate_estimator,p_wins,prop_lb,AUTOC_val_t1,AUTOC_val_t2,AUTOC_val_t3,AUTOC_val_t4,AUTOC_se_val_t1,AUTOC_se_val_t2,AUTOC_se_val_t3,AUTOC_se_val_t4,AUTOC_test_t1,AUTOC_test_t2,AUTOC_test_t3,AUTOC_test_t4,AUTOC_se_test_t1,AUTOC_se_test_t2,AUTOC_se_test_t3,AUTOC_se_test_t4
delta_in_range_fw_7d,Expert (full),Expert v2,TLearner,0.05,0.01,0.006792382233904382,0.0018614533437805,-0.0004988894903893487,0.006564558352504417,0.0022167747979668726,0.00291298339795402,0.0017696934418774727,0.0023976717439929155,0.00919557713587447,-0.0004450124955953244,0.001768360701799439,0.010178347002198837,0.0017365367571695785,0.002517317802898299,0.0020902380667987743,0.0025674248011344067
