outcome,state_rep,action_rep,cate_estimator,p_wins,prop_lb,AUTOC_val_t1,AUTOC_val_t2,AUTOC_val_t3,AUTOC_val_t4,AUTOC_val_t5,AUTOC_se_val_t1,AUTOC_se_val_t2,AUTOC_se_val_t3,AUTOC_se_val_t4,AUTOC_se_val_t5,AUTOC_test_t1,AUTOC_test_t2,AUTOC_test_t3,AUTOC_test_t4,AUTOC_test_t5,AUTOC_se_test_t1,AUTOC_se_test_t2,AUTOC_se_test_t3,AUTOC_se_test_t4,AUTOC_se_test_t5
delta_in_range_fw_7d,Expert (subset),Clustered Embeddings (4),XLearner,0.05,0.01,0.001310567687321774,-0.0024601081060191482,0.012221999375162561,0.0013867951012113283,0.010150380536226841,0.0018433074609784245,0.002879194666256099,0.001640467057294467,0.002605247815113856,0.002177327412039392,0.0017232665592159674,0.001979027746997442,0.013508141634778937,0.00035341542571223564,0.007618221184819928,0.0022444378757289388,0.002749327916799713,0.0017274647854668979,0.0031252744181061716,0.002186719687747209
