outcome,state_rep,action_rep,cate_estimator,p_wins,prop_lb,AUTOC_val_t1,AUTOC_val_t2,AUTOC_val_t3,AUTOC_val_t4,AUTOC_se_val_t1,AUTOC_se_val_t2,AUTOC_se_val_t3,AUTOC_se_val_t4,AUTOC_test_t1,AUTOC_test_t2,AUTOC_test_t3,AUTOC_test_t4,AUTOC_se_test_t1,AUTOC_se_test_t2,AUTOC_se_test_t3,AUTOC_se_test_t4
delta_in_range_fw_7d,Expert (full),Expert,Ensemble,0.05,0.01,0.003948583089553104,-0.0007954282221330687,0.000577741256678868,0.0031400918578655384,0.003181359708015244,0.003150505128633487,0.0019459851798669914,0.0026503304872619554,-0.008187886428393356,0.005808314249391922,9.494268885835911e-05,-0.004756692678789545,0.003923847600473772,0.0029814594603640057,0.0019211908587442297,0.0029302795255617426
