outcome,state_rep,action_rep,cate_estimator,p_wins,prop_lb,AUTOC_val_t1,AUTOC_val_t2,AUTOC_val_t3,AUTOC_val_t4,AUTOC_se_val_t1,AUTOC_se_val_t2,AUTOC_se_val_t3,AUTOC_se_val_t4,AUTOC_test_t1,AUTOC_test_t2,AUTOC_test_t3,AUTOC_test_t4,AUTOC_se_test_t1,AUTOC_se_test_t2,AUTOC_se_test_t3,AUTOC_se_test_t4
delta_in_range_fw_7d,Expert (full),Expert,CF,0.05,0.01,0.002552979039520311,-0.001231582945475287,0.0010225954036286282,-0.0008167330910847159,0.0035666501720951122,0.003355073579661184,0.0022089021769972983,0.003184252677144657,-0.007959332831195761,0.0004930992538420143,-0.0027252763952575008,-0.002584436390102652,0.003980517096401786,0.0022090405252058543,0.0019764308172979285,0.002109644675402987
