outcome,state_rep,action_rep,cate_estimator,p_wins,prop_lb,AUTOC_val_t1,AUTOC_val_t2,AUTOC_val_t3,AUTOC_val_t4,AUTOC_se_val_t1,AUTOC_se_val_t2,AUTOC_se_val_t3,AUTOC_se_val_t4,AUTOC_test_t1,AUTOC_test_t2,AUTOC_test_t3,AUTOC_test_t4,AUTOC_se_test_t1,AUTOC_se_test_t2,AUTOC_se_test_t3,AUTOC_se_test_t4
delta_in_range_fw_7d,Expert (full),Expert v2,SLearner,0.05,0.01,0.0021059187260779647,-0.002245238551652392,-0.0029480764159369416,-0.003884369304958944,0.0018882246063792055,0.002123430932197574,0.0021313618330885613,0.002089134101365737,0.004847720652905363,0.0011223538579715536,-0.0021464052836538566,-4.410037928462603e-05,0.001676358653773124,0.0026765805639321744,0.00264988465974929,0.002341595923266713
