outcome,state_rep,action_rep,cate_estimator,p_wins,prop_lb,AUTOC_val_t1,AUTOC_val_t2,AUTOC_val_t3,AUTOC_se_val_t1,AUTOC_se_val_t2,AUTOC_se_val_t3,AUTOC_test_t1,AUTOC_test_t2,AUTOC_test_t3,AUTOC_se_test_t1,AUTOC_se_test_t2,AUTOC_se_test_t3
delta_in_range_fw_7d,Expert (full),Binary (dose change),XLearner,0.05,0.01,-0.0035986578934317625,4.232377636039923e-05,-0.0006543620849095328,0.0025620935121171565,0.0019455782828355517,0.0025622314138882755,-0.0010926330708206009,9.975367490642589e-05,0.00174861735487515,0.002547375161927088,0.001739962739980006,0.002336266992263982
