outcome,state_rep,action_rep,cate_estimator,p_wins,prop_lb,AUTOC_val_t1,AUTOC_val_t2,AUTOC_val_t3,AUTOC_val_t4,AUTOC_val_t5,AUTOC_se_val_t1,AUTOC_se_val_t2,AUTOC_se_val_t3,AUTOC_se_val_t4,AUTOC_se_val_t5,AUTOC_test_t1,AUTOC_test_t2,AUTOC_test_t3,AUTOC_test_t4,AUTOC_test_t5,AUTOC_se_test_t1,AUTOC_se_test_t2,AUTOC_se_test_t3,AUTOC_se_test_t4,AUTOC_se_test_t5
delta_in_range_fw_7d,Expert (subset),Clustered Embeddings (4),CF,0.05,0.01,-5.3532441680738995e-05,0.000883393435247633,0.006145889951871285,0.0013053669550482513,0.004314497489213929,0.0020295502049861645,0.0023894234217172743,0.0018019944140231082,0.002366180228337739,0.0021268923048503685,8.23355611751661e-05,-0.005499154641469985,0.00791160691771976,0.0010456623770386593,0.0031777788399100105,0.002238150512269636,0.0038759080183934144,0.0016342916655815926,0.0028335314241858547,0.0022556668123127786
