outcome,state_rep,action_rep,cate_estimator,p_wins,prop_lb,AUTOC_val_t1,AUTOC_val_t2,AUTOC_val_t3,AUTOC_val_t4,AUTOC_val_t5,AUTOC_se_val_t1,AUTOC_se_val_t2,AUTOC_se_val_t3,AUTOC_se_val_t4,AUTOC_se_val_t5,AUTOC_test_t1,AUTOC_test_t2,AUTOC_test_t3,AUTOC_test_t4,AUTOC_test_t5,AUTOC_se_test_t1,AUTOC_se_test_t2,AUTOC_se_test_t3,AUTOC_se_test_t4,AUTOC_se_test_t5
delta_in_range_fw_7d,Expert (subset),Expert v3,XLearner,0.05,0.01,0.0009585104055126676,0.0034403956310048197,0.014372643279258386,0.0026446306069248474,0.010190990091283878,0.0037985946561150397,0.002897626780765793,0.0015852718540782047,0.001977033845151243,0.0018574623263330847,0.0005792396135470925,-0.00040555144198508095,0.011199494987161284,0.0010047575090286682,0.007752273395263462,0.003336367267919929,0.0026685650350333824,0.0018677058966214577,0.0025814972010627904,0.002436219003942985
