outcome,state_rep,action_rep,cate_estimator,p_wins,prop_lb,AUTOC_val_t1,AUTOC_val_t2,AUTOC_val_t3,AUTOC_val_t4,AUTOC_se_val_t1,AUTOC_se_val_t2,AUTOC_se_val_t3,AUTOC_se_val_t4,AUTOC_test_t1,AUTOC_test_t2,AUTOC_test_t3,AUTOC_test_t4,AUTOC_se_test_t1,AUTOC_se_test_t2,AUTOC_se_test_t3,AUTOC_se_test_t4
delta_in_range_fw_7d,Expert (full),Expert,TLearner,0.05,0.01,0.00018776043824598793,-0.00011430175371645973,-0.0014018556215304907,0.00085302302602816,0.0031507636590351186,0.003021664857766639,0.002062117860725323,0.0031145594659297625,-0.0036136500894424833,0.005189110513575726,0.002857758651281541,-0.0013289786281343238,0.0048084992783516516,0.0029221872706815927,0.0022526961969269307,0.00391670320886202
