outcome,state_rep,action_rep,cate_estimator,p_wins,prop_lb,AUTOC_val_t1,AUTOC_val_t2,AUTOC_val_t3,AUTOC_val_t4,AUTOC_se_val_t1,AUTOC_se_val_t2,AUTOC_se_val_t3,AUTOC_se_val_t4,AUTOC_test_t1,AUTOC_test_t2,AUTOC_test_t3,AUTOC_test_t4,AUTOC_se_test_t1,AUTOC_se_test_t2,AUTOC_se_test_t3,AUTOC_se_test_t4
delta_in_range_fw_7d,Expert (full),Expert v2,Ensemble,0.05,0.01,0.004614177239542624,0.0010609905898405986,0.001062729874041179,0.007242575731040378,0.0025000650049492616,0.0026316052485373513,0.0021818305612789656,0.002778130701758926,0.0072652311654335285,-0.0017971890566039238,0.0011760476623946046,0.006760433420391837,0.0018387013263903957,0.003075166516260299,0.0016578445460323,0.0022684111658225824
