outcome,state_rep,action_rep,cate_estimator,p_wins,prop_lb,AUTOC_val_t1,AUTOC_val_t2,AUTOC_val_t3,AUTOC_val_t4,AUTOC_se_val_t1,AUTOC_se_val_t2,AUTOC_se_val_t3,AUTOC_se_val_t4,AUTOC_test_t1,AUTOC_test_t2,AUTOC_test_t3,AUTOC_test_t4,AUTOC_se_test_t1,AUTOC_se_test_t2,AUTOC_se_test_t3,AUTOC_se_test_t4
delta_in_range_fw_7d,Expert (subset),Expert,DRForest,0.05,0.01,0.005038425075136632,0.005090607311859217,-0.00040240862344391605,0.004020397551389817,0.0032293099857828547,0.0032413425207963396,0.0023078126479577662,0.002911657706488186,-0.004572906128085224,0.009157446947052164,0.002614633552296085,0.006713472132779081,0.003522726751533127,0.002502313462312636,0.0019742362192417323,0.002571606126880245
