outcome,state_rep,action_rep,cate_estimator,p_wins,prop_lb,AUTOC_val_t1,AUTOC_val_t2,AUTOC_val_t3,AUTOC_val_t4,AUTOC_se_val_t1,AUTOC_se_val_t2,AUTOC_se_val_t3,AUTOC_se_val_t4,AUTOC_test_t1,AUTOC_test_t2,AUTOC_test_t3,AUTOC_test_t4,AUTOC_se_test_t1,AUTOC_se_test_t2,AUTOC_se_test_t3,AUTOC_se_test_t4
delta_in_range_fw_7d,Expert (full),Expert v2,DRForest,0.05,0.01,0.004340629646831268,0.0009885909194707312,0.0010480732969441187,0.0005339310839350887,0.0020196724563351573,0.002354217214912633,0.0021735587700483926,0.0028601382066820555,0.0038473287179007845,0.003912941132373765,0.000614233694430066,0.004464618407310271,0.00234558501440205,0.0026645245695156713,0.0019882554303114804,0.0023125812761672247
