outcome,state_rep,action_rep,cate_estimator,p_wins,prop_lb,AUTOC_val_t1,AUTOC_val_t2,AUTOC_se_val_t1,AUTOC_se_val_t2,AUTOC_test_t1,AUTOC_test_t2,AUTOC_se_test_t1,AUTOC_se_test_t2
delta_in_range_fw_7d,Expert (full),Binary (any),DRForest,0.05,0.01,-0.0014372151755374532,-0.0014372151755374532,0.0016070698600101926,0.0016070698600101926,0.0005139689086580774,0.0005139689086580774,0.001375861575122952,0.001375861575122952
