outcome,state_rep,action_rep,cate_estimator,p_wins,prop_lb,AUTOC_val_t1,AUTOC_val_t2,AUTOC_val_t3,AUTOC_val_t4,AUTOC_se_val_t1,AUTOC_se_val_t2,AUTOC_se_val_t3,AUTOC_se_val_t4,AUTOC_test_t1,AUTOC_test_t2,AUTOC_test_t3,AUTOC_test_t4,AUTOC_se_test_t1,AUTOC_se_test_t2,AUTOC_se_test_t3,AUTOC_se_test_t4
delta_in_range_fw_7d,Expert (full),Expert v2,CF,0.05,0.01,0.006733132121420547,-0.0008925318857234037,0.0026510322914325116,0.012139705283164947,0.0014775163770807266,0.0026361409517996997,0.002199188720536183,0.0019798966339740274,0.003467153400752687,0.0006100474686062436,-0.00045664109558099275,0.005811891619207068,0.001918006214050325,0.002857500241845541,0.002167288319625058,0.0016285508685870132
