outcome,state_rep,action_rep,cate_estimator,p_wins,prop_lb,AUTOC_val_t1,AUTOC_val_t2,AUTOC_val_t3,AUTOC_val_t4,AUTOC_se_val_t1,AUTOC_se_val_t2,AUTOC_se_val_t3,AUTOC_se_val_t4,AUTOC_test_t1,AUTOC_test_t2,AUTOC_test_t3,AUTOC_test_t4,AUTOC_se_test_t1,AUTOC_se_test_t2,AUTOC_se_test_t3,AUTOC_se_test_t4
delta_in_range_fw_7d,Expert (subset),Expert,SLearner,0.05,0.01,0.002209038049423043,-0.0002268173986442441,-0.0011910022833505358,0.000614247151338313,0.0034364271773206965,0.0028020328767444386,0.0019704315395234775,0.0023674468287954486,-0.006462040704725986,0.005305310420469777,0.0002648649016890086,0.0017027423539506014,0.0032784092251174073,0.0026433035907638706,0.0022881182758147005,0.002499246853773436
