outcome,state_rep,action_rep,cate_estimator,p_wins,prop_lb,AUTOC_val_t1,AUTOC_val_t2,AUTOC_val_t3,AUTOC_val_t4,AUTOC_val_t5,AUTOC_se_val_t1,AUTOC_se_val_t2,AUTOC_se_val_t3,AUTOC_se_val_t4,AUTOC_se_val_t5,AUTOC_test_t1,AUTOC_test_t2,AUTOC_test_t3,AUTOC_test_t4,AUTOC_test_t5,AUTOC_se_test_t1,AUTOC_se_test_t2,AUTOC_se_test_t3,AUTOC_se_test_t4,AUTOC_se_test_t5
delta_in_range_fw_7d,Expert (full),Clustered Embeddings (4),DRForest,0.05,0.01,0.00041408222853259283,-0.005069645115777327,0.008181286517329937,0.0007432985912065881,0.002233202985798377,0.002028591092916862,0.0030146187463479523,0.001971375791958008,0.0028738373539547953,0.0023281736793082726,0.004941369313219681,0.0011144067405499324,0.010077281530047319,-0.006196248870665956,0.0014902413764003183,0.002365186936309533,0.0030806299066402374,0.0013314549136494588,0.00469792468011607,0.003571606635978205
