outcome,state_rep,action_rep,cate_estimator,p_wins,prop_lb,AUTOC_val_t1,AUTOC_val_t2,AUTOC_val_t3,AUTOC_val_t4,AUTOC_val_t5,AUTOC_se_val_t1,AUTOC_se_val_t2,AUTOC_se_val_t3,AUTOC_se_val_t4,AUTOC_se_val_t5,AUTOC_test_t1,AUTOC_test_t2,AUTOC_test_t3,AUTOC_test_t4,AUTOC_test_t5,AUTOC_se_test_t1,AUTOC_se_test_t2,AUTOC_se_test_t3,AUTOC_se_test_t4,AUTOC_se_test_t5
delta_in_range_fw_7d,Expert (full),Expert v3,CF,0.05,0.01,0.00012922775260908984,-0.0018114019411732483,0.009177989735639836,0.00233832590359456,0.010882421075442145,0.002912058917661828,0.0033060443760691053,0.0018115621893931182,0.0023465572565911016,0.001770469611369148,0.001309121247308398,-0.004062403409810514,0.005141590645591986,-0.0012666207207300362,0.007421747477660244,0.0032920938439617883,0.0035610062507876452,0.0017884070089413523,0.002216982534990206,0.0015641621547522056
