outcome,state_rep,action_rep,cate_estimator,p_wins,prop_lb,AUTOC_val_t1,AUTOC_val_t2,AUTOC_val_t3,AUTOC_val_t4,AUTOC_se_val_t1,AUTOC_se_val_t2,AUTOC_se_val_t3,AUTOC_se_val_t4,AUTOC_test_t1,AUTOC_test_t2,AUTOC_test_t3,AUTOC_test_t4,AUTOC_se_test_t1,AUTOC_se_test_t2,AUTOC_se_test_t3,AUTOC_se_test_t4
delta_in_range_fw_7d,Expert (subset),Expert v2,CF,0.05,0.01,0.005791836695718093,-0.0013339024997961297,-0.0004966387819691318,0.008777969722243555,0.0017358496587297867,0.002310740973437785,0.002378915785336609,0.0019072955484837944,0.0038184240025744363,-0.0001700629780173433,-0.0036117478704618946,0.0069494801962887015,0.0019183979004741422,0.0026884804609190304,0.002650344507544058,0.0015418737447744548
