outcome,state_rep,action_rep,cate_estimator,p_wins,prop_lb,AUTOC_val_t1,AUTOC_val_t2,AUTOC_se_val_t1,AUTOC_se_val_t2,AUTOC_test_t1,AUTOC_test_t2,AUTOC_se_test_t1,AUTOC_se_test_t2
delta_in_range_fw_7d,Expert (full),Binary (any),Ensemble,0.05,0.01,-0.0017163097178324329,-0.0017163097178324329,0.0013849894613206502,0.0013849894613206502,0.00038894938853219994,0.00038894938853219994,0.0014625629887299082,0.0014625629887299082
