outcome,state_rep,action_rep,cate_estimator,p_wins,prop_lb,AUTOC_val_t1,AUTOC_val_t2,AUTOC_val_t3,AUTOC_val_t4,AUTOC_val_t5,AUTOC_se_val_t1,AUTOC_se_val_t2,AUTOC_se_val_t3,AUTOC_se_val_t4,AUTOC_se_val_t5,AUTOC_test_t1,AUTOC_test_t2,AUTOC_test_t3,AUTOC_test_t4,AUTOC_test_t5,AUTOC_se_test_t1,AUTOC_se_test_t2,AUTOC_se_test_t3,AUTOC_se_test_t4,AUTOC_se_test_t5
delta_in_range_fw_7d,Expert (subset),Expert v3,TLearner,0.05,0.01,-0.0002812428776558991,0.008750607226560472,0.015712052645965393,0.00330845897460505,0.013264535654172033,0.003583156846780416,0.002760662460934018,0.0016176317180019806,0.0019457896231992523,0.002023859677716943,0.0009461219591667256,0.00265866917509119,0.01588613207566824,-0.0005036290125684894,0.01267743835642164,0.0027636754974599983,0.0029017131389545143,0.001534768880968312,0.0022725430157562645,0.0018988769426624044
