outcome,state_rep,action_rep,cate_estimator,p_wins,prop_lb,AUTOC_val_t1,AUTOC_val_t2,AUTOC_val_t3,AUTOC_se_val_t1,AUTOC_se_val_t2,AUTOC_se_val_t3,AUTOC_test_t1,AUTOC_test_t2,AUTOC_test_t3,AUTOC_se_test_t1,AUTOC_se_test_t2,AUTOC_se_test_t3
delta_in_range_fw_7d,Expert (subset),Binary (dose change),TLearner,0.05,0.01,-0.00014612225318967292,0.001276932509267569,0.0003130032857391639,0.0023051274487287336,0.001621841108531889,0.0018806801708535904,0.00487429795009236,-0.00032334404742219935,0.005545434647792166,0.0026535099077239915,0.0019480240683132277,0.0021490213554968976
