outcome,state_rep,action_rep,cate_estimator,p_wins,prop_lb,AUTOC_val_t1,AUTOC_val_t2,AUTOC_val_t3,AUTOC_val_t4,AUTOC_se_val_t1,AUTOC_se_val_t2,AUTOC_se_val_t3,AUTOC_se_val_t4,AUTOC_test_t1,AUTOC_test_t2,AUTOC_test_t3,AUTOC_test_t4,AUTOC_se_test_t1,AUTOC_se_test_t2,AUTOC_se_test_t3,AUTOC_se_test_t4
delta_in_range_fw_7d,Expert (full),Expert,XLearner,0.05,0.01,0.002202339834681875,-0.0005294784231647063,0.0005232861209785517,0.002400297351065921,0.0032445370858584276,0.0030751194002164146,0.0019359393969648525,0.002330136901989635,-0.008091672223548278,0.005616514069438736,0.0006914078563794291,-0.006238444646517046,0.0033996569122520448,0.002804025329490004,0.0018634319560708224,0.0030454139458760124
