outcome,state_rep,action_rep,cate_estimator,p_wins,prop_lb,AUTOC_val_t1,AUTOC_val_t2,AUTOC_se_val_t1,AUTOC_se_val_t2,AUTOC_test_t1,AUTOC_test_t2,AUTOC_se_test_t1,AUTOC_se_test_t2
delta_in_range_fw_7d,Expert (full),Binary (any),SLearner,0.05,0.01,-0.0021820789635038826,-0.0021820789635038826,0.0013902438090973629,0.0013902438090973629,0.003065286113478546,0.003065286113478546,0.0017332003438543064,0.0017332003438543064
