outcome,state_rep,action_rep,cate_estimator,p_wins,prop_lb,AUTOC_val_t1,AUTOC_val_t2,AUTOC_val_t3,AUTOC_val_t4,AUTOC_val_t5,AUTOC_se_val_t1,AUTOC_se_val_t2,AUTOC_se_val_t3,AUTOC_se_val_t4,AUTOC_se_val_t5,AUTOC_test_t1,AUTOC_test_t2,AUTOC_test_t3,AUTOC_test_t4,AUTOC_test_t5,AUTOC_se_test_t1,AUTOC_se_test_t2,AUTOC_se_test_t3,AUTOC_se_test_t4,AUTOC_se_test_t5
delta_in_range_fw_7d,Expert (subset),Expert v3,DRForest,0.05,0.01,0.0035593984422799883,0.005999876702953607,0.0002787076048050565,-0.0006959688816818017,0.003777301948968288,0.003976202712552193,0.0033638839571589474,0.00214086207623398,0.0019635248963787676,0.0037728654579298098,0.007165529744845827,0.0036691960036006003,-0.0021232722517712465,0.002169226685773818,0.0074084767969680295,0.0032496404833898315,0.0034947136491818532,0.0018603613061652698,0.0021540253404683392,0.002725265250972545
