outcome,state_rep,action_rep,cate_estimator,p_wins,prop_lb,AUTOC_val_t1,AUTOC_val_t2,AUTOC_val_t3,AUTOC_val_t4,AUTOC_se_val_t1,AUTOC_se_val_t2,AUTOC_se_val_t3,AUTOC_se_val_t4,AUTOC_test_t1,AUTOC_test_t2,AUTOC_test_t3,AUTOC_test_t4,AUTOC_se_test_t1,AUTOC_se_test_t2,AUTOC_se_test_t3,AUTOC_se_test_t4
delta_in_range_fw_7d,Expert (subset),Expert v2,Ensemble,0.05,0.01,0.012188557923950108,0.0030306952843003805,0.0005022033543466356,0.009382433595229412,0.0018507978845226333,0.0030744227403936143,0.002234537011344741,0.0020519172383906,0.008427323386403686,0.0017597554400396334,0.002732793979701754,0.006254674163218809,0.0020773404050870585,0.0030711385998307508,0.0020740377093934697,0.0024228911526595273
