outcome,state_rep,action_rep,cate_estimator,p_wins,prop_lb,AUTOC_val_t1,AUTOC_val_t2,AUTOC_val_t3,AUTOC_se_val_t1,AUTOC_se_val_t2,AUTOC_se_val_t3,AUTOC_test_t1,AUTOC_test_t2,AUTOC_test_t3,AUTOC_se_test_t1,AUTOC_se_test_t2,AUTOC_se_test_t3
delta_in_range_fw_7d,Expert (full),Binary (dose change),Ensemble,0.05,0.01,-0.0032341432337717737,-0.002100307011944419,0.00022243372172752574,0.002122063346242691,0.0020689831852457362,0.002159931763207624,0.0005545561103136781,-0.0021931304796079564,0.0017006892339020809,0.002639992615763582,0.0018400870927728834,0.0022083056256871764
