outcome,state_rep,action_rep,cate_estimator,p_wins,prop_lb,AUTOC_val_t1,AUTOC_val_t2,AUTOC_val_t3,AUTOC_val_t4,AUTOC_val_t5,AUTOC_se_val_t1,AUTOC_se_val_t2,AUTOC_se_val_t3,AUTOC_se_val_t4,AUTOC_se_val_t5,AUTOC_test_t1,AUTOC_test_t2,AUTOC_test_t3,AUTOC_test_t4,AUTOC_test_t5,AUTOC_se_test_t1,AUTOC_se_test_t2,AUTOC_se_test_t3,AUTOC_se_test_t4,AUTOC_se_test_t5
delta_in_range_fw_7d,Expert (full),Expert v3,XLearner,0.05,0.01,0.0010187595701502776,0.0005409653430976995,0.009771395357507566,0.0012800226118521078,0.007409256525018817,0.003313442081347999,0.003139465525440787,0.0019606865219855534,0.0022712754323894954,0.0024133638705624064,-0.003193513424801778,-0.002095150782410894,0.012107286091737115,0.001091403465339002,0.004494110101324871,0.003357476793302401,0.0034695083373536243,0.0017974629855220762,0.0022046246636752836,0.002817460441058158
