outcome,state_rep,action_rep,cate_estimator,p_wins,prop_lb,AUTOC_val_t1,AUTOC_val_t2,AUTOC_val_t3,AUTOC_val_t4,AUTOC_val_t5,AUTOC_se_val_t1,AUTOC_se_val_t2,AUTOC_se_val_t3,AUTOC_se_val_t4,AUTOC_se_val_t5,AUTOC_test_t1,AUTOC_test_t2,AUTOC_test_t3,AUTOC_test_t4,AUTOC_test_t5,AUTOC_se_test_t1,AUTOC_se_test_t2,AUTOC_se_test_t3,AUTOC_se_test_t4,AUTOC_se_test_t5
delta_in_range_fw_7d,Expert (full),Clustered Embeddings (4),TLearner,0.05,0.01,0.00210081087951586,0.0006367405278933096,0.010157439791838663,0.0055160334755780405,0.006171664581684227,0.0025119172842919106,0.002717591175937068,0.001741641264124911,0.0026781433361190115,0.00234070562189113,0.0024436208434495802,0.007020491096516894,0.012552552294827095,-0.0019090492173787872,0.0016736969743357873,0.002512288206949961,0.0034615528627585,0.0015103295314339974,0.0038723642317982075,0.0027117947964710224
