outcome,state_rep,action_rep,cate_estimator,p_wins,prop_lb,AUTOC_val_t1,AUTOC_val_t2,AUTOC_val_t3,AUTOC_se_val_t1,AUTOC_se_val_t2,AUTOC_se_val_t3,AUTOC_test_t1,AUTOC_test_t2,AUTOC_test_t3,AUTOC_se_test_t1,AUTOC_se_test_t2,AUTOC_se_test_t3
delta_in_range_fw_7d,Expert (subset),Binary (dose change),SLearner,0.05,0.01,0.0006278097292232022,-2.1593043832985156e-05,0.002337202011535489,0.002258735581619627,0.0017912258919076244,0.0021098449492822757,0.0038059866237987483,-0.001154771199737468,0.0026133632538659743,0.0028681978585070184,0.0018418744382622772,0.002122941560263325
