outcome,state_rep,action_rep,cate_estimator,p_wins,prop_lb,AUTOC_val_t1,AUTOC_val_t2,AUTOC_val_t3,AUTOC_val_t4,AUTOC_val_t5,AUTOC_se_val_t1,AUTOC_se_val_t2,AUTOC_se_val_t3,AUTOC_se_val_t4,AUTOC_se_val_t5,AUTOC_test_t1,AUTOC_test_t2,AUTOC_test_t3,AUTOC_test_t4,AUTOC_test_t5,AUTOC_se_test_t1,AUTOC_se_test_t2,AUTOC_se_test_t3,AUTOC_se_test_t4,AUTOC_se_test_t5
delta_in_range_fw_7d,Expert (subset),Clustered Embeddings (4),Ensemble,0.05,0.01,0.0024964722755772143,-0.0011553692805199396,0.014183449734740682,0.0013567992054375352,0.010105710187140042,0.0018079527165771494,0.002925253919492919,0.0016266640858290577,0.0027986364985185335,0.0020055256526276158,0.0035273811659745384,0.000324675480497205,0.01610805259928675,0.002407097743855992,0.01016708523756176,0.002367748118414335,0.0034159615866197843,0.0016276567440260366,0.0035189323449050865,0.002438200905756672
