outcome,state_rep,action_rep,cate_estimator,p_wins,prop_lb,AUTOC_val_t1,AUTOC_val_t2,AUTOC_val_t3,AUTOC_val_t4,AUTOC_val_t5,AUTOC_se_val_t1,AUTOC_se_val_t2,AUTOC_se_val_t3,AUTOC_se_val_t4,AUTOC_se_val_t5,AUTOC_test_t1,AUTOC_test_t2,AUTOC_test_t3,AUTOC_test_t4,AUTOC_test_t5,AUTOC_se_test_t1,AUTOC_se_test_t2,AUTOC_se_test_t3,AUTOC_se_test_t4,AUTOC_se_test_t5
delta_in_range_fw_7d,Expert (full),Clustered Embeddings (4),XLearner,0.05,0.01,-0.0005581623380743949,-0.0010781588111990867,0.0074108571416449855,0.0006781888849325961,0.0026119488713223704,0.0022304239489098396,0.0030211293967166925,0.00208831894034276,0.0046281819680099945,0.003267358046262179,0.0015057625565233863,0.0047310765253478805,0.012122212472489742,-0.0038608062772640143,0.0014828934757604778,0.002230585846209909,0.004141089915892016,0.0018547876417432786,0.003694240955346473,0.0034505605867346956
