outcome,state_rep,action_rep,cate_estimator,p_wins,prop_lb,AUTOC_val_t1,AUTOC_val_t2,AUTOC_val_t3,AUTOC_val_t4,AUTOC_se_val_t1,AUTOC_se_val_t2,AUTOC_se_val_t3,AUTOC_se_val_t4,AUTOC_test_t1,AUTOC_test_t2,AUTOC_test_t3,AUTOC_test_t4,AUTOC_se_test_t1,AUTOC_se_test_t2,AUTOC_se_test_t3,AUTOC_se_test_t4
delta_in_range_fw_7d,Expert (subset),Expert,TLearner,0.05,0.01,0.0012816993039420827,-0.0018003281443934487,0.003569799139813436,0.006431197292550784,0.0032339926669326187,0.0027158251587352834,0.0017637583427332546,0.002689176090049717,0.0011788027858131136,0.005096309222638436,0.00021483786256517597,0.00039214140857720564,0.003895859871717036,0.00260102841300124,0.0021274773032437097,0.00269846698043311
