outcome,state_rep,action_rep,cate_estimator,p_wins,prop_lb,AUTOC_val_t1,AUTOC_val_t2,AUTOC_val_t3,AUTOC_se_val_t1,AUTOC_se_val_t2,AUTOC_se_val_t3,AUTOC_test_t1,AUTOC_test_t2,AUTOC_test_t3,AUTOC_se_test_t1,AUTOC_se_test_t2,AUTOC_se_test_t3
delta_in_range_fw_7d,Expert (subset),Binary (dose change),DRForest,0.05,0.01,0.0018919798946024902,-0.0021517031698323184,0.0010589303889836762,0.0034057652516409887,0.00190639729139428,0.0030081073241760956,0.0042722413006731135,-0.0011690930959875132,0.006318911700883694,0.003106117481265712,0.0017719607227778102,0.0027083271567392197
