outcome,state_rep,action_rep,cate_estimator,p_wins,prop_lb,AUTOC_val_t1,AUTOC_val_t2,AUTOC_val_t3,AUTOC_val_t4,AUTOC_se_val_t1,AUTOC_se_val_t2,AUTOC_se_val_t3,AUTOC_se_val_t4,AUTOC_test_t1,AUTOC_test_t2,AUTOC_test_t3,AUTOC_test_t4,AUTOC_se_test_t1,AUTOC_se_test_t2,AUTOC_se_test_t3,AUTOC_se_test_t4
delta_in_range_fw_7d,Expert (subset),Expert v2,SLearner,0.05,0.01,0.0052270561308321835,0.0026443851297337857,-0.0016005855679558476,0.0005365783232813392,0.00163029295189177,0.0025528731517618633,0.0021137380829408014,0.001981261066503227,0.005518012592818556,0.0024384698346022605,0.0023625799349946235,0.0007245582696207464,0.0016682744187140235,0.0025752624282517167,0.0021863647181339374,0.0020653391120092246
