outcome,state_rep,action_rep,cate_estimator,p_wins,prop_lb,AUTOC_val_t1,AUTOC_val_t2,AUTOC_val_t3,AUTOC_val_t4,AUTOC_val_t5,AUTOC_se_val_t1,AUTOC_se_val_t2,AUTOC_se_val_t3,AUTOC_se_val_t4,AUTOC_se_val_t5,AUTOC_test_t1,AUTOC_test_t2,AUTOC_test_t3,AUTOC_test_t4,AUTOC_test_t5,AUTOC_se_test_t1,AUTOC_se_test_t2,AUTOC_se_test_t3,AUTOC_se_test_t4,AUTOC_se_test_t5
delta_in_range_fw_7d,Expert (subset),Expert v3,SLearner,0.05,0.01,0.0030542020465202406,0.004190776146865248,0.007120811200689966,-0.0005357189433099768,0.0005150680082253245,0.0033331865549025156,0.0027629958637490296,0.0016592630549526525,0.0022363205877319447,0.0027570248077518097,-0.0005608518438765385,0.003406318867446486,0.006463436328096543,0.0007154599249095194,0.002821928394711658,0.0033143835798424615,0.0026961668459216256,0.001811078364795873,0.002019319687372831,0.0022943853642541736
