outcome,state_rep,action_rep,cate_estimator,p_wins,prop_lb,AUTOC_val_t1,AUTOC_val_t2,AUTOC_val_t3,AUTOC_val_t4,AUTOC_se_val_t1,AUTOC_se_val_t2,AUTOC_se_val_t3,AUTOC_se_val_t4,AUTOC_test_t1,AUTOC_test_t2,AUTOC_test_t3,AUTOC_test_t4,AUTOC_se_test_t1,AUTOC_se_test_t2,AUTOC_se_test_t3,AUTOC_se_test_t4
delta_in_range_fw_7d,Expert (subset),Expert v2,DRForest,0.05,0.01,0.010345104169470608,0.0033673652126344146,-0.0011431706090122905,0.004061530146709129,0.002288155490146876,0.0027673599553486327,0.0024090147482211327,0.0027646398936072157,0.005270949675088953,0.004579433816952927,0.0021251543782243375,0.0061555007189111844,0.002506522512699652,0.002813546591054196,0.002068070003917756,0.0026295503739228966
