outcome,state_rep,action_rep,cate_estimator,p_wins,prop_lb,AUTOC_val_t1,AUTOC_val_t2,AUTOC_val_t3,AUTOC_val_t4,AUTOC_val_t5,AUTOC_se_val_t1,AUTOC_se_val_t2,AUTOC_se_val_t3,AUTOC_se_val_t4,AUTOC_se_val_t5,AUTOC_test_t1,AUTOC_test_t2,AUTOC_test_t3,AUTOC_test_t4,AUTOC_test_t5,AUTOC_se_test_t1,AUTOC_se_test_t2,AUTOC_se_test_t3,AUTOC_se_test_t4,AUTOC_se_test_t5
delta_in_range_fw_7d,Expert (subset),Clustered Embeddings (4),SLearner,0.05,0.01,0.0024388899519283136,0.0038598551359401846,0.00794293666290566,-0.0014788596735469059,0.0044955776015992936,0.0018881641038619517,0.0026674608642359623,0.001365450074345812,0.0024522498295210973,0.0023550633877647232,0.0035199340782157734,-0.001010272762858254,0.008082463360677888,0.006415909131538381,0.005257599706272509,0.001839023598372268,0.0030775901714723422,0.0010646358529420392,0.0030311068681476627,0.0026537816258750996
