outcome,state_rep,action_rep,cate_estimator,p_wins,prop_lb,AUTOC_val_t1,AUTOC_val_t2,AUTOC_val_t3,AUTOC_val_t4,AUTOC_se_val_t1,AUTOC_se_val_t2,AUTOC_se_val_t3,AUTOC_se_val_t4,AUTOC_test_t1,AUTOC_test_t2,AUTOC_test_t3,AUTOC_test_t4,AUTOC_se_test_t1,AUTOC_se_test_t2,AUTOC_se_test_t3,AUTOC_se_test_t4
delta_in_range_fw_7d,Expert (subset),Expert,Ensemble,0.05,0.01,0.001840815027513241,-0.00028695837032146677,-0.001143469529654086,0.000556586773818877,0.0034537608577826103,0.00277680686037316,0.0019397731061662066,0.0023028110876787073,-0.006470968331626214,0.005313146807557058,0.0003030859980562612,0.001715711289260621,0.0033289362508513386,0.002673009321401956,0.002250838066304213,0.0023789292964475992
