outcome,state_rep,action_rep,cate_estimator,p_wins,prop_lb,AUTOC_val_t1,AUTOC_val_t2,AUTOC_val_t3,AUTOC_val_t4,AUTOC_val_t5,AUTOC_se_val_t1,AUTOC_se_val_t2,AUTOC_se_val_t3,AUTOC_se_val_t4,AUTOC_se_val_t5,AUTOC_test_t1,AUTOC_test_t2,AUTOC_test_t3,AUTOC_test_t4,AUTOC_test_t5,AUTOC_se_test_t1,AUTOC_se_test_t2,AUTOC_se_test_t3,AUTOC_se_test_t4,AUTOC_se_test_t5
delta_in_range_fw_7d,Expert (subset),Expert v3,CF,0.05,0.01,0.0033477638241020645,0.002783234226994451,0.008099171544971095,0.001980962262215284,0.00853648069371659,0.003485731943455474,0.0030791338027752954,0.0020296257044124387,0.0020914650560577455,0.002098995770566069,0.0005255557867953289,-0.00015174204147269438,0.005775801810757443,-0.003934433395601741,0.007761150005821422,0.0032141096997447866,0.003506265691243468,0.0018323479328651814,0.003392174137338741,0.0017194071812680776
