outcome,state_rep,action_rep,cate_estimator,p_wins,prop_lb,AUTOC_val_t1,AUTOC_val_t2,AUTOC_val_t3,AUTOC_val_t4,AUTOC_se_val_t1,AUTOC_se_val_t2,AUTOC_se_val_t3,AUTOC_se_val_t4,AUTOC_test_t1,AUTOC_test_t2,AUTOC_test_t3,AUTOC_test_t4,AUTOC_se_test_t1,AUTOC_se_test_t2,AUTOC_se_test_t3,AUTOC_se_test_t4
delta_in_range_fw_7d,Expert (full),Expert,DRForest,0.05,0.01,0.004275664430565353,0.0025592742275905634,-0.0006218001326719542,0.0018892516035392628,0.0033750896193107008,0.003186988990087969,0.0022819158832150677,0.002790386366470443,-0.0010105735221971875,0.007350352849203375,0.0014202146026145086,0.0033663959799246353,0.004263038392809118,0.004004848478745589,0.001959378810923904,0.0036193557882787998
