outcome,state_rep,action_rep,cate_estimator,p_wins,prop_lb,AUTOC_val_t1,AUTOC_val_t2,AUTOC_val_t3,AUTOC_val_t4,AUTOC_val_t5,AUTOC_se_val_t1,AUTOC_se_val_t2,AUTOC_se_val_t3,AUTOC_se_val_t4,AUTOC_se_val_t5,AUTOC_test_t1,AUTOC_test_t2,AUTOC_test_t3,AUTOC_test_t4,AUTOC_test_t5,AUTOC_se_test_t1,AUTOC_se_test_t2,AUTOC_se_test_t3,AUTOC_se_test_t4,AUTOC_se_test_t5
delta_in_range_fw_7d,Expert (subset),Clustered Embeddings (4),TLearner,0.05,0.01,0.0012588909504618185,0.00441628569404036,0.01358385935891587,0.0032887237598791834,0.008855442195856726,0.0021341668573828646,0.002864899756455496,0.002071474095204469,0.0026355298013815897,0.0024518785415455907,0.004347576210044773,-0.0004021530171053979,0.0159292892519256,0.0029001634851556057,0.0053096627757819835,0.0019671671539503287,0.0032591588117720236,0.0015783613669070533,0.003318458529925749,0.0024569790253695014
