outcome,state_rep,action_rep,cate_estimator,p_wins,prop_lb,AUTOC_val_t1,AUTOC_val_t2,AUTOC_val_t3,AUTOC_val_t4,AUTOC_val_t5,AUTOC_se_val_t1,AUTOC_se_val_t2,AUTOC_se_val_t3,AUTOC_se_val_t4,AUTOC_se_val_t5,AUTOC_test_t1,AUTOC_test_t2,AUTOC_test_t3,AUTOC_test_t4,AUTOC_test_t5,AUTOC_se_test_t1,AUTOC_se_test_t2,AUTOC_se_test_t3,AUTOC_se_test_t4,AUTOC_se_test_t5
delta_in_range_fw_7d,Expert (subset),Expert v3,Ensemble,0.05,0.01,0.0022988629591024256,0.006838024004584828,0.016765443101261778,0.002449558021349037,0.013018565274936573,0.004087983967192043,0.002975070264224485,0.001667551957437686,0.0020098453897805573,0.002560230329803484,0.0028827687442507647,0.0017104758034128657,0.013273471460062258,0.0005414335619847763,0.009185993612609565,0.0033647014003063374,0.0034170627087821127,0.0019594789647467328,0.0022480570937647233,0.0027125764604264955
