outcome,state_rep,action_rep,cate_estimator,p_wins,prop_lb,AUTOC_val_t1,AUTOC_val_t2,AUTOC_val_t3,AUTOC_se_val_t1,AUTOC_se_val_t2,AUTOC_se_val_t3,AUTOC_test_t1,AUTOC_test_t2,AUTOC_test_t3,AUTOC_se_test_t1,AUTOC_se_test_t2,AUTOC_se_test_t3
delta_in_range_fw_7d,Expert (full),Binary (dose change),DRForest,0.05,0.01,-0.0027610804178821464,-0.0006525914956396498,-0.001671566765277769,0.0030559806055093907,0.0019695515415011186,0.0028162357495094604,0.0022724629427274385,0.0006415143237380697,0.007942312803465482,0.0034640860448374436,0.0018570933217527035,0.003076382658461885
