outcome,state_rep,action_rep,cate_estimator,p_wins,prop_lb,AUTOC_val_t1,AUTOC_val_t2,AUTOC_val_t3,AUTOC_val_t4,AUTOC_val_t5,AUTOC_se_val_t1,AUTOC_se_val_t2,AUTOC_se_val_t3,AUTOC_se_val_t4,AUTOC_se_val_t5,AUTOC_test_t1,AUTOC_test_t2,AUTOC_test_t3,AUTOC_test_t4,AUTOC_test_t5,AUTOC_se_test_t1,AUTOC_se_test_t2,AUTOC_se_test_t3,AUTOC_se_test_t4,AUTOC_se_test_t5
delta_in_range_fw_7d,Expert (full),Clustered Embeddings (4),CF,0.05,0.01,0.0019404304370906828,-0.0034672552314111075,0.0022345604416944137,0.0012085062904901242,0.003934104253688436,0.0024140582465640515,0.00277468876253579,0.0019389966824681839,0.002452858489567925,0.0022531253962726648,-0.0016818658165705816,0.0006219045974002409,0.0050127080911573614,-0.0023104600791329444,0.00014953661191865442,0.002366615164963756,0.0036649301671579575,0.001861441825664357,0.0036211757417960308,0.0024936231165717153
