outcome,state_rep,action_rep,cate_estimator,p_wins,prop_lb,AUTOC_val_t1,AUTOC_val_t2,AUTOC_se_val_t1,AUTOC_se_val_t2,AUTOC_test_t1,AUTOC_test_t2,AUTOC_se_test_t1,AUTOC_se_test_t2
delta_in_range_fw_7d,Expert (subset),Binary (any),Ensemble,0.05,0.01,-0.0005468939543553766,-0.0005468939543553766,0.0015641430982240897,0.0015641430982240897,-0.001098150472769864,-0.001098150472769864,0.0016423775115396396,0.0016423775115396396
