outcome,state_rep,action_rep,cate_estimator,p_wins,prop_lb,AUTOC_val_t1,AUTOC_val_t2,AUTOC_val_t3,AUTOC_val_t4,AUTOC_se_val_t1,AUTOC_se_val_t2,AUTOC_se_val_t3,AUTOC_se_val_t4,AUTOC_test_t1,AUTOC_test_t2,AUTOC_test_t3,AUTOC_test_t4,AUTOC_se_test_t1,AUTOC_se_test_t2,AUTOC_se_test_t3,AUTOC_se_test_t4
delta_in_range_fw_7d,Expert (subset),Expert v2,TLearner,0.05,0.01,0.010024507380931387,0.004092211675519894,0.002398071793928703,0.009263812583334,0.001752314419369047,0.0031745919079214113,0.002193699342661099,0.00146076059973275,0.01175792108475515,0.0012855766532530826,-0.00021102719619391831,0.008152458354819828,0.0016134211037356918,0.0027317941231699344,0.002189499094005405,0.0015820687253652428
