outcome,state_rep,action_rep,cate_estimator,p_wins,prop_lb,AUTOC_val_t1,AUTOC_val_t2,AUTOC_val_t3,AUTOC_val_t4,AUTOC_se_val_t1,AUTOC_se_val_t2,AUTOC_se_val_t3,AUTOC_se_val_t4,AUTOC_test_t1,AUTOC_test_t2,AUTOC_test_t3,AUTOC_test_t4,AUTOC_se_test_t1,AUTOC_se_test_t2,AUTOC_se_test_t3,AUTOC_se_test_t4
delta_in_range_fw_7d,Expert (full),Expert,SLearner,0.05,0.01,0.0036907666959060193,-0.0036784929746723344,-0.00022658830179625764,-0.0010933277322890934,0.0036734081047418705,0.002736022613720532,0.0018413396730978327,0.003090073564073222,-0.005319596893641451,0.007156736713106886,0.0013278234734341958,0.00459848476292303,0.004494460712966926,0.0032269396149912097,0.0026776043062090938,0.002916243816149196
