outcome,state_rep,action_rep,cate_estimator,p_wins,prop_lb,AUTOC_val_t1,AUTOC_val_t2,AUTOC_se_val_t1,AUTOC_se_val_t2,AUTOC_test_t1,AUTOC_test_t2,AUTOC_se_test_t1,AUTOC_se_test_t2
delta_in_range_fw_7d,Expert (full),Binary (any),CF,0.05,0.01,-0.0010025200573538864,-0.0010025200573538864,0.0014043751565824786,0.0014043751565824786,-0.0008746587522801057,-0.0008746587522801057,0.0015456357395101832,0.0015456357395101832
