outcome,state_rep,action_rep,cate_estimator,p_wins,prop_lb,AUTOC_val_t1,AUTOC_val_t2,AUTOC_val_t3,AUTOC_se_val_t1,AUTOC_se_val_t2,AUTOC_se_val_t3,AUTOC_test_t1,AUTOC_test_t2,AUTOC_test_t3,AUTOC_se_test_t1,AUTOC_se_test_t2,AUTOC_se_test_t3
delta_in_range_fw_7d,Expert (full),Binary (dose change),SLearner,0.05,0.01,-0.0027362653419275235,-0.0032359409263339584,0.00011416693948541246,0.0021538414423320435,0.0022587456401955896,0.0019071053660203185,0.0011596260271264432,-0.0026065548685155412,0.001918406199087028,0.0026962202995279606,0.0020405559164392746,0.0026970370627903127
