outcome,state_rep,action_rep,cate_estimator,p_wins,prop_lb,AUTOC_val_t1,AUTOC_val_t2,AUTOC_val_t3,AUTOC_val_t4,AUTOC_se_val_t1,AUTOC_se_val_t2,AUTOC_se_val_t3,AUTOC_se_val_t4,AUTOC_test_t1,AUTOC_test_t2,AUTOC_test_t3,AUTOC_test_t4,AUTOC_se_test_t1,AUTOC_se_test_t2,AUTOC_se_test_t3,AUTOC_se_test_t4
delta_in_range_fw_7d,Expert (subset),Expert,CF,0.05,0.01,0.000981975403711221,0.0008896063285400599,0.0014832743468802174,0.0017388873065592339,0.004404275052528821,0.003148211084637839,0.0022554730260659554,0.00325008940353509,-0.010154118662177636,0.004221461917486906,-0.005055650541214452,-0.0011844552696518833,0.003312927809427218,0.0030599521659492148,0.0023506328316328243,0.00280374876159849
