outcome,state_rep,action_rep,cate_estimator,p_wins,prop_lb,AUTOC_val_t1,AUTOC_val_t2,AUTOC_val_t3,AUTOC_val_t4,AUTOC_val_t5,AUTOC_se_val_t1,AUTOC_se_val_t2,AUTOC_se_val_t3,AUTOC_se_val_t4,AUTOC_se_val_t5,AUTOC_test_t1,AUTOC_test_t2,AUTOC_test_t3,AUTOC_test_t4,AUTOC_test_t5,AUTOC_se_test_t1,AUTOC_se_test_t2,AUTOC_se_test_t3,AUTOC_se_test_t4,AUTOC_se_test_t5
delta_in_range_fw_7d,Expert (full),Clustered Embeddings (4),SLearner,0.05,0.01,-0.004416387826097015,-0.0011168261861396838,0.0047349668796875235,0.0006046143569368177,-0.0005206270180734401,0.0022531681346462627,0.0027516354046327298,0.0017182889404904408,0.002737196574976603,0.002674048537583212,0.0019525178313344585,-0.0034953782417217224,0.005417869593877254,-0.0018111573719865202,0.002235661223125935,0.0018799477810329211,0.0031184919465554787,0.0010942321461222691,0.0030598515832095828,0.0018712080643927807
