outcome,state_rep,action_rep,cate_estimator,p_wins,prop_lb,AUTOC_val_t1,AUTOC_val_t2,AUTOC_se_val_t1,AUTOC_se_val_t2,AUTOC_test_t1,AUTOC_test_t2,AUTOC_se_test_t1,AUTOC_se_test_t2
delta_in_range_fw_7d,Expert (subset),Binary (any),XLearner,0.05,0.01,0.00028667820983585893,0.00028667820983585893,0.0017276419542405833,0.0017276419542405833,-0.0009685738872826265,-0.0009685738872826265,0.001452018592912768,0.001452018592912768
