outcome,state_rep,action_rep,cate_estimator,p_wins,prop_lb,AUTOC_val_t1,AUTOC_val_t2,AUTOC_val_t3,AUTOC_val_t4,AUTOC_val_t5,AUTOC_se_val_t1,AUTOC_se_val_t2,AUTOC_se_val_t3,AUTOC_se_val_t4,AUTOC_se_val_t5,AUTOC_test_t1,AUTOC_test_t2,AUTOC_test_t3,AUTOC_test_t4,AUTOC_test_t5,AUTOC_se_test_t1,AUTOC_se_test_t2,AUTOC_se_test_t3,AUTOC_se_test_t4,AUTOC_se_test_t5
delta_in_range_fw_7d,Expert (full),Expert v3,Ensemble,0.05,0.01,0.0036978416111098787,0.000392944785991391,0.008990643084775506,0.00025419388091274384,0.006606874645742943,0.003183269598496743,0.003716268113834379,0.0019819579031752715,0.0019641813143836265,0.002984260883253794,-0.00031067301023139757,-0.0022148597976777967,0.010822545754919406,-0.00010453619378409186,0.0053937927806098785,0.003453145959409832,0.003586523258858872,0.0019244594268136596,0.002145312689665128,0.0030219234779300407
