outcome,state_rep,action_rep,cate_estimator,p_wins,prop_lb,AUTOC_val_t1,AUTOC_val_t2,AUTOC_val_t3,AUTOC_val_t4,AUTOC_val_t5,AUTOC_se_val_t1,AUTOC_se_val_t2,AUTOC_se_val_t3,AUTOC_se_val_t4,AUTOC_se_val_t5,AUTOC_test_t1,AUTOC_test_t2,AUTOC_test_t3,AUTOC_test_t4,AUTOC_test_t5,AUTOC_se_test_t1,AUTOC_se_test_t2,AUTOC_se_test_t3,AUTOC_se_test_t4,AUTOC_se_test_t5
delta_in_range_fw_7d,Expert (full),Expert v3,DRForest,0.05,0.01,0.004825432259283586,-0.0013480848624636019,-0.004279896967376121,-0.001487978479092739,-0.0005385681638267897,0.0033310322420855762,0.0033610796783246923,0.0016388639498178508,0.0019424092677039462,0.002914020901316522,0.004398423507735263,-0.0018534351072606197,-0.0027087091076229827,0.0008977381720072424,0.0025711990710615656,0.0037577994930523364,0.0037823407656240194,0.0025254931669863884,0.001708321820037171,0.0030458611202528597
