outcome,state_rep,action_rep,cate_estimator,p_wins,prop_lb,AUTOC_val_t1,AUTOC_val_t2,AUTOC_val_t3,AUTOC_se_val_t1,AUTOC_se_val_t2,AUTOC_se_val_t3,AUTOC_test_t1,AUTOC_test_t2,AUTOC_test_t3,AUTOC_se_test_t1,AUTOC_se_test_t2,AUTOC_se_test_t3
delta_in_range_fw_7d,Expert (full),Binary (dose change),TLearner,0.05,0.01,-0.00033901534067631313,-0.0017388494173382596,-6.418980672346549e-05,0.00234639725126842,0.002286115778005337,0.0025665743874299734,0.00285595534359687,0.0002915610011098499,0.004388633609502058,0.0026654733554481416,0.0017339948643339215,0.002448454918365083
