outcome,state_rep,action_rep,cate_estimator,p_wins,prop_lb,AUTOC_val_t1,AUTOC_val_t2,AUTOC_se_val_t1,AUTOC_se_val_t2,AUTOC_test_t1,AUTOC_test_t2,AUTOC_se_test_t1,AUTOC_se_test_t2
delta_in_range_fw_7d,Expert (subset),Binary (any),CF,0.05,0.01,0.00011340127761577654,0.00011340127761577654,0.001572715448515216,0.001572715448515216,-0.0025859112387641553,-0.0025859112387641553,0.0017632088283272705,0.0017632088283272705
