outcome,state_rep,action_rep,cate_estimator,p_wins,prop_lb,AUTOC_val_t1,AUTOC_val_t2,AUTOC_val_t3,AUTOC_se_val_t1,AUTOC_se_val_t2,AUTOC_se_val_t3,AUTOC_test_t1,AUTOC_test_t2,AUTOC_test_t3,AUTOC_se_test_t1,AUTOC_se_test_t2,AUTOC_se_test_t3
delta_in_range_fw_7d,Expert (subset),Binary (dose change),Ensemble,0.05,0.01,0.0005210855572642723,-0.0001301706384506362,0.002211139211869071,0.0023775140193714782,0.0017657144487150413,0.002149973329677041,0.003901918725780847,-0.0011792891560214694,0.002808483043621055,0.002963618468706437,0.0019262921335294527,0.0021544887735163733
