outcome,state_rep,action_rep,cate_estimator,p_wins,prop_lb,AUTOC_val_t1,AUTOC_val_t2,AUTOC_val_t3,AUTOC_val_t4,AUTOC_se_val_t1,AUTOC_se_val_t2,AUTOC_se_val_t3,AUTOC_se_val_t4,AUTOC_test_t1,AUTOC_test_t2,AUTOC_test_t3,AUTOC_test_t4,AUTOC_se_test_t1,AUTOC_se_test_t2,AUTOC_se_test_t3,AUTOC_se_test_t4
delta_in_range_fw_7d,Expert (subset),Expert v2,XLearner,0.05,0.01,0.00953810894417175,0.0020318983560701736,0.0017943496692710756,0.008759985274158747,0.0016211327314848173,0.002930501750438383,0.0021822884326036826,0.0017350805882000635,0.007515798189721519,-0.0001373636668014948,0.0022830502879934533,0.0065409269092102755,0.0016371287897429308,0.0027939354041102674,0.0019884367783333315,0.0023927161027765312
