outcome,state_rep,action_rep,cate_estimator,p_wins,prop_lb,AUTOC_val_t1,AUTOC_val_t2,AUTOC_val_t3,AUTOC_val_t4,AUTOC_val_t5,AUTOC_se_val_t1,AUTOC_se_val_t2,AUTOC_se_val_t3,AUTOC_se_val_t4,AUTOC_se_val_t5,AUTOC_test_t1,AUTOC_test_t2,AUTOC_test_t3,AUTOC_test_t4,AUTOC_test_t5,AUTOC_se_test_t1,AUTOC_se_test_t2,AUTOC_se_test_t3,AUTOC_se_test_t4,AUTOC_se_test_t5
delta_in_range_fw_7d,Expert (subset),Clustered Embeddings (4),DRForest,0.05,0.01,0.00474054530216908,-0.0032400527131181073,0.007978890111727277,-0.0037891008692243,0.005746379414536159,0.002066762536453295,0.0030279305752892423,0.0019369898069880015,0.002935026580744787,0.002720995672362768,0.0043851003483064924,0.0005686759120508487,0.011654243124767018,0.003685310810448852,0.006501525742398293,0.00228073286474448,0.003145791859460195,0.001143861758497569,0.0036297702072139223,0.0027462551175127152
