outcome,state_rep,action_rep,cate_estimator,p_wins,prop_lb,AUTOC_val_t1,AUTOC_val_t2,AUTOC_val_t3,AUTOC_se_val_t1,AUTOC_se_val_t2,AUTOC_se_val_t3,AUTOC_test_t1,AUTOC_test_t2,AUTOC_test_t3,AUTOC_se_test_t1,AUTOC_se_test_t2,AUTOC_se_test_t3
delta_in_range_fw_7d,Expert (subset),Binary (dose change),XLearner,0.05,0.01,-0.005179286252519303,-0.0006338012997686627,-0.006250242971644562,0.0027787879371329698,0.0021915169558338007,0.002896685168720912,-0.0005325669344602592,-0.0005899752926764919,0.0019789236111092488,0.003037909285346168,0.0017292840754031466,0.002162667989972136
