outcome,state_rep,action_rep,cate_estimator,p_wins,prop_lb,AUTOC_val_t1,AUTOC_val_t2,AUTOC_val_t3,AUTOC_val_t4,AUTOC_se_val_t1,AUTOC_se_val_t2,AUTOC_se_val_t3,AUTOC_se_val_t4,AUTOC_test_t1,AUTOC_test_t2,AUTOC_test_t3,AUTOC_test_t4,AUTOC_se_test_t1,AUTOC_se_test_t2,AUTOC_se_test_t3,AUTOC_se_test_t4
delta_in_range_fw_7d,Expert (full),Expert v2,XLearner,0.05,0.01,0.004315041846757675,0.0005186985781242924,0.00196516672589988,0.006354301304517329,0.002494193009572319,0.0023282996841824687,0.0022481427601853247,0.002769627118137658,0.007399117103089998,-0.0022871741844547756,0.0008002509007317964,0.0075082241818460555,0.0018069196499524785,0.003097541131155006,0.0017425119432174453,0.002187963471053059
