outcome,state_rep,action_rep,cate_estimator,p_wins,prop_lb,AUTOC_val_t1,AUTOC_val_t2,AUTOC_se_val_t1,AUTOC_se_val_t2,AUTOC_test_t1,AUTOC_test_t2,AUTOC_se_test_t1,AUTOC_se_test_t2
delta_in_range_fw_7d,Expert (full),Binary (any),TLearner,0.05,0.01,-0.0027667423763486102,-0.0027667423763486102,0.0016680612296753052,0.0016680612296753052,0.0008191952055010563,0.0008191952055010563,0.0014333280539818886,0.0014333280539818886
