outcome,state_rep,action_rep,cate_estimator,p_wins,prop_lb,AUTOC_val_t1,AUTOC_val_t2,AUTOC_val_t3,AUTOC_se_val_t1,AUTOC_se_val_t2,AUTOC_se_val_t3,AUTOC_test_t1,AUTOC_test_t2,AUTOC_test_t3,AUTOC_se_test_t1,AUTOC_se_test_t2,AUTOC_se_test_t3
delta_in_range_fw_7d,Expert (full),Binary (dose change),CF,0.05,0.01,-0.005020937703328359,0.00031995426199234216,-0.0022743918894530934,0.0027243565545625095,0.001667381864522545,0.002621780301623253,0.0037879302265691945,-0.0024374575444474564,0.005556280662487638,0.002703135715639604,0.002143614282548235,0.0026729785431141915
