outcome,state_rep,action_rep,cate_estimator,p_wins,prop_lb,AUTOC_val_t1,AUTOC_val_t2,AUTOC_val_t3,AUTOC_val_t4,AUTOC_val_t5,AUTOC_se_val_t1,AUTOC_se_val_t2,AUTOC_se_val_t3,AUTOC_se_val_t4,AUTOC_se_val_t5,AUTOC_test_t1,AUTOC_test_t2,AUTOC_test_t3,AUTOC_test_t4,AUTOC_test_t5,AUTOC_se_test_t1,AUTOC_se_test_t2,AUTOC_se_test_t3,AUTOC_se_test_t4,AUTOC_se_test_t5
delta_in_range_fw_7d,Expert (full),Expert v3,TLearner,0.05,0.01,0.0035599228381562194,0.002116779193742765,0.009437565770001875,-0.0003948405794955875,0.006846914965208761,0.0030380404464056317,0.003489313543261288,0.0018519564353149378,0.0019217456053121167,0.003130458419887026,0.0006618220816823606,0.0012010544806322246,0.01109737473339641,0.0008564655533730349,0.009386610950030159,0.0031533094633869126,0.0032164858928766236,0.0016642824984937248,0.0021088061445865415,0.002824767148515064
