outcome,state_rep,action_rep,cate_estimator,p_wins,prop_lb,AUTOC_val_t1,AUTOC_val_t2,AUTOC_val_t3,AUTOC_val_t4,AUTOC_val_t5,AUTOC_se_val_t1,AUTOC_se_val_t2,AUTOC_se_val_t3,AUTOC_se_val_t4,AUTOC_se_val_t5,AUTOC_test_t1,AUTOC_test_t2,AUTOC_test_t3,AUTOC_test_t4,AUTOC_test_t5,AUTOC_se_test_t1,AUTOC_se_test_t2,AUTOC_se_test_t3,AUTOC_se_test_t4,AUTOC_se_test_t5
delta_in_range_fw_7d,Expert (full),Expert v3,SLearner,0.05,0.01,-0.0007363640617664641,0.0016086450645417716,0.0032566183175142403,-0.0012785035692512122,0.0009182629143024532,0.003071499437647221,0.002709990632137773,0.0011218009841219008,0.0017969612106775738,0.0024189220259725947,0.0002237732600078044,-0.0002674584565634969,0.006243505902099878,-0.0017365379557329806,0.003423536726163072,0.0028315505786366576,0.0037331023131867073,0.002292325457399418,0.001976341809485487,0.003673203794705943
