outcome,state_rep,action_rep,cate_estimator,p_wins,prop_lb,AUTOC_val_t1,AUTOC_val_t2,AUTOC_se_val_t1,AUTOC_se_val_t2,AUTOC_test_t1,AUTOC_test_t2,AUTOC_se_test_t1,AUTOC_se_test_t2
delta_in_range_fw_7d,Expert (subset),Binary (any),SLearner,0.05,0.01,-0.0007288734689477156,-0.0007288734689477156,0.0016298162898142957,0.0016298162898142957,-0.00023837923390786797,-0.00023837923390786797,0.0015472705649269513,0.0015472705649269513
