outcome,state_rep,action_rep,cate_estimator,p_wins,prop_lb,AUTOC_val_t1,AUTOC_val_t2,AUTOC_se_val_t1,AUTOC_se_val_t2,AUTOC_test_t1,AUTOC_test_t2,AUTOC_se_test_t1,AUTOC_se_test_t2
delta_in_range_fw_7d,Expert (subset),Binary (any),TLearner,0.05,0.01,0.0002859230917199897,0.0002859230917199897,0.0017930797979262628,0.0017930797979262628,-3.372847235948387e-05,-3.372847235948387e-05,0.0015692264403055428,0.0015692264403055428
