outcome,state_rep,action_rep,cate_estimator,p_wins,prop_lb,AUTOC_val_t1,AUTOC_val_t2,AUTOC_val_t3,AUTOC_se_val_t1,AUTOC_se_val_t2,AUTOC_se_val_t3,AUTOC_test_t1,AUTOC_test_t2,AUTOC_test_t3,AUTOC_se_test_t1,AUTOC_se_test_t2,AUTOC_se_test_t3
delta_in_range_fw_7d,Expert (subset),Binary (dose change),CF,0.05,0.01,-0.0026155877643987305,-0.0007190762006720474,0.0005023875748120243,0.002630508241225049,0.0017924891150180788,0.002464401999700289,0.00014373151845951712,-0.005858764481279595,0.0011787331687411907,0.0026733431096845647,0.0019575289913239184,0.002384868553634444
