outcome,state_rep,action_rep,cate_estimator,p_wins,prop_lb,AUTOC_val_t1,AUTOC_val_t2,AUTOC_val_t3,AUTOC_val_t4,AUTOC_val_t5,AUTOC_se_val_t1,AUTOC_se_val_t2,AUTOC_se_val_t3,AUTOC_se_val_t4,AUTOC_se_val_t5,AUTOC_test_t1,AUTOC_test_t2,AUTOC_test_t3,AUTOC_test_t4,AUTOC_test_t5,AUTOC_se_test_t1,AUTOC_se_test_t2,AUTOC_se_test_t3,AUTOC_se_test_t4,AUTOC_se_test_t5
delta_in_range_fw_7d,Expert (full),Clustered Embeddings (4),Ensemble,0.05,0.01,0.0009426647297115248,-0.0025282323358609424,0.009796236927431983,0.0032895167912762365,0.0034823186803311437,0.0022217757370178635,0.002924348079111004,0.0017942191517268636,0.0029526136179859686,0.00252780708200967,0.002180182225762784,0.005132148547404879,0.013574604750523876,-0.004218265028150059,0.0012900240450832053,0.0026973563183513307,0.0035142627069077305,0.0016246387415158677,0.0039505326515668045,0.003673429012110206
