outcome,state_rep,action_rep,cate_estimator,p_wins,prop_lb,AUTOC_val_t1,AUTOC_val_t2,AUTOC_se_val_t1,AUTOC_se_val_t2,AUTOC_test_t1,AUTOC_test_t2,AUTOC_se_test_t1,AUTOC_se_test_t2
delta_in_range_fw_7d,Expert (subset),Binary (any),DRForest,0.05,0.01,0.0007658462791975866,0.0007658462791975866,0.0018232778723138762,0.0018232778723138762,0.0004581934511399566,0.0004581934511399566,0.0018879080999370382,0.0018879080999370382
