outcome,state_rep,action_rep,cate_estimator,p_wins,prop_lb,AUTOC_val_t1,AUTOC_val_t2,AUTOC_val_t3,AUTOC_val_t4,AUTOC_val_t5,AUTOC_se_val_t1,AUTOC_se_val_t2,AUTOC_se_val_t3,AUTOC_se_val_t4,AUTOC_se_val_t5,AUTOC_test_t1,AUTOC_test_t2,AUTOC_test_t3,AUTOC_test_t4,AUTOC_test_t5,AUTOC_se_test_t1,AUTOC_se_test_t2,AUTOC_se_test_t3,AUTOC_se_test_t4,AUTOC_se_test_t5
delta_in_range_fw_7d,Raw (TS2Vec),Expert v3,CF,0.05,0.01,0.0025870756824594343,-0.0001854266662283653,0.0014238935562312567,-0.002758651308436365,0.006221568625978527,0.0028140621754338775,0.0032883744996297388,0.0015089281349870813,0.0018519794945301904,0.0020496207128087368,0.0015944571348507908,0.004396015841607753,0.006402536428482102,0.002731063940929527,0.009442202164457325,0.0030256994235273163,0.0037012246694788876,0.0022058721642904183,0.001995473369834064,0.002450395557767534
