outcome,state_rep,action_rep,cate_estimator,p_wins,prop_lb,AUTOC_val_t1,AUTOC_val_t2,AUTOC_val_t3,AUTOC_se_val_t1,AUTOC_se_val_t2,AUTOC_se_val_t3,AUTOC_test_t1,AUTOC_test_t2,AUTOC_test_t3,AUTOC_se_test_t1,AUTOC_se_test_t2,AUTOC_se_test_t3
delta_in_range_fw_7d,Raw (TS2Vec),Binary (dose change),CF,0.05,0.01,0.0018767134564857027,-0.0009525174598501196,0.005128486198138121,0.0022031081564751424,0.0017893824375076787,0.0019125119649599674,0.0004316279425735148,0.002483769966400456,-0.000644318875266047,0.0031972092622738224,0.002114378339851729,0.0030230636611272934
