outcome,state_rep,action_rep,cate_estimator,p_wins,prop_lb,AUTOC_val_t1,AUTOC_val_t2,AUTOC_val_t3,AUTOC_val_t4,AUTOC_val_t5,AUTOC_se_val_t1,AUTOC_se_val_t2,AUTOC_se_val_t3,AUTOC_se_val_t4,AUTOC_se_val_t5,AUTOC_test_t1,AUTOC_test_t2,AUTOC_test_t3,AUTOC_test_t4,AUTOC_test_t5,AUTOC_se_test_t1,AUTOC_se_test_t2,AUTOC_se_test_t3,AUTOC_se_test_t4,AUTOC_se_test_t5
delta_in_range_fw_7d,Raw (TS2Vec),Expert v3,TLearner,0.05,0.01,-0.0028064507053789226,0.00038083358532005823,0.0061667506831402045,-0.003144464678472908,0.0020691105991990743,0.002594707528353252,0.002881121669740728,0.0012825477647515258,0.002029017551335265,0.002297157598452568,0.004023540850407233,0.001316808171054607,0.006519498111176707,0.0034096523097563096,0.002979831986943351,0.0026939611462152542,0.0030891784473600554,0.0020812473863599914,0.002390065491016044,0.0023176602992155716
