outcome,state_rep,action_rep,cate_estimator,p_wins,prop_lb,AUTOC_val_t1,AUTOC_val_t2,AUTOC_val_t3,AUTOC_val_t4,AUTOC_se_val_t1,AUTOC_se_val_t2,AUTOC_se_val_t3,AUTOC_se_val_t4,AUTOC_test_t1,AUTOC_test_t2,AUTOC_test_t3,AUTOC_test_t4,AUTOC_se_test_t1,AUTOC_se_test_t2,AUTOC_se_test_t3,AUTOC_se_test_t4
delta_in_range_fw_7d,Raw (TS2Vec),Expert v2,TLearner,0.05,0.01,0.002420298893548207,0.002131988905882291,-0.002398833372709183,0.0012744724899240963,0.0012917402018867545,0.0024309513787539056,0.002030404029969573,0.0023976735005956577,0.003259553902084803,0.0034486990782571993,0.003591948432330147,0.004724964948298961,0.0021152514101890826,0.0022367578310436933,0.0022699677270323613,0.0022422784009064403
