outcome,state_rep,action_rep,cate_estimator,p_wins,prop_lb,AUTOC_val_t1,AUTOC_val_t2,AUTOC_se_val_t1,AUTOC_se_val_t2,AUTOC_test_t1,AUTOC_test_t2,AUTOC_se_test_t1,AUTOC_se_test_t2
delta_in_range_fw_7d,Raw (TS2Vec),Binary (any),DRForest,0.05,0.01,-0.0006950804902163103,-0.0006950804902163103,0.001568596821498596,0.001568596821498596,0.002069794313321542,0.002069794313321542,0.0017503883238451483,0.0017503883238451483
