outcome,state_rep,action_rep,cate_estimator,p_wins,prop_lb,AUTOC_val_t1,AUTOC_val_t2,AUTOC_se_val_t1,AUTOC_se_val_t2,AUTOC_test_t1,AUTOC_test_t2,AUTOC_se_test_t1,AUTOC_se_test_t2
delta_in_range_fw_7d,Raw (TS2Vec),Binary (any),TLearner,0.05,0.01,-0.0014601450164980032,-0.0014601450164980032,0.0017209639888654423,0.0017209639888654423,0.002452306296504198,0.002452306296504198,0.001885493550737633,0.001885493550737633
