outcome,state_rep,action_rep,cate_estimator,p_wins,prop_lb,AUTOC_val_t1,AUTOC_val_t2,AUTOC_val_t3,AUTOC_val_t4,AUTOC_val_t5,AUTOC_se_val_t1,AUTOC_se_val_t2,AUTOC_se_val_t3,AUTOC_se_val_t4,AUTOC_se_val_t5,AUTOC_test_t1,AUTOC_test_t2,AUTOC_test_t3,AUTOC_test_t4,AUTOC_test_t5,AUTOC_se_test_t1,AUTOC_se_test_t2,AUTOC_se_test_t3,AUTOC_se_test_t4,AUTOC_se_test_t5
delta_in_range_fw_7d,Raw (TS2Vec),Expert v3,DRForest,0.05,0.01,-0.001286692608808164,0.00045532488164966837,-0.002286231022262727,-0.0012908030413235352,0.003948470083714934,0.0024136116057834273,0.0022983504357841408,0.001899396930171943,0.0015617900451323798,0.0023439471608725326,0.0012968974176177635,0.001554417659584117,-0.001190052306949687,0.001990158642204903,0.0020887307060055153,0.002862213462641757,0.003990466195728516,0.0020595937614342795,0.0018064312068428359,0.0031287386311109125
