outcome,state_rep,action_rep,cate_estimator,p_wins,prop_lb,AUTOC_val_t1,AUTOC_val_t2,AUTOC_val_t3,AUTOC_se_val_t1,AUTOC_se_val_t2,AUTOC_se_val_t3,AUTOC_test_t1,AUTOC_test_t2,AUTOC_test_t3,AUTOC_se_test_t1,AUTOC_se_test_t2,AUTOC_se_test_t3
delta_in_range_fw_7d,Raw (TS2Vec),Binary (dose change),TLearner,0.05,0.01,0.0018411805126120604,-0.0027266230314531236,0.0015159322083799105,0.002397840150340242,0.0019036540647693573,0.0025427696017819995,0.003402840194511892,0.0029713282093824967,0.0028660345307145955,0.002381988401480831,0.002667735305117696,0.001812350177763656
