outcome,state_rep,action_rep,cate_estimator,p_wins,prop_lb,AUTOC_val_t1,AUTOC_val_t2,AUTOC_val_t3,AUTOC_val_t4,AUTOC_val_t5,AUTOC_se_val_t1,AUTOC_se_val_t2,AUTOC_se_val_t3,AUTOC_se_val_t4,AUTOC_se_val_t5,AUTOC_test_t1,AUTOC_test_t2,AUTOC_test_t3,AUTOC_test_t4,AUTOC_test_t5,AUTOC_se_test_t1,AUTOC_se_test_t2,AUTOC_se_test_t3,AUTOC_se_test_t4,AUTOC_se_test_t5
delta_in_range_fw_7d,Raw (TS2Vec),Expert v3,Ensemble,0.05,0.01,9.854894725454239e-05,0.004977114021814781,0.00015769561908134902,-0.000983852012601064,0.006763515879190707,0.0028318424279854437,0.0028745996070931165,0.0014377428130159682,0.0019267135900517469,0.0022824797525768615,0.002766597839866603,0.0020332026216278195,0.0030766897761653105,0.004268437001703205,0.0018353336931783563,0.00274358543514922,0.003269443582485397,0.0015860828426322957,0.002152427481550029,0.003035478439511193
