outcome,state_rep,action_rep,cate_estimator,p_wins,prop_lb,AUTOC_val_t1,AUTOC_val_t2,AUTOC_val_t3,AUTOC_val_t4,AUTOC_se_val_t1,AUTOC_se_val_t2,AUTOC_se_val_t3,AUTOC_se_val_t4,AUTOC_test_t1,AUTOC_test_t2,AUTOC_test_t3,AUTOC_test_t4,AUTOC_se_test_t1,AUTOC_se_test_t2,AUTOC_se_test_t3,AUTOC_se_test_t4
delta_in_range_fw_7d,Raw (TS2Vec),Expert v2,Ensemble,0.05,0.01,-0.0005039824262425031,0.002618238245396523,-0.001174578868784053,0.0012490050465999434,0.0016182841730190568,0.0023864394946360333,0.0020921864579027025,0.002273082716657064,0.00103631050213034,0.005934787105519304,0.004330254973407154,0.005576146611450785,0.001629430378155381,0.002183722920367269,0.0021363496136909653,0.002200971900265701
