outcome,state_rep,action_rep,cate_estimator,p_wins,prop_lb,AUTOC_val_t1,AUTOC_val_t2,AUTOC_val_t3,AUTOC_val_t4,AUTOC_val_t5,AUTOC_se_val_t1,AUTOC_se_val_t2,AUTOC_se_val_t3,AUTOC_se_val_t4,AUTOC_se_val_t5,AUTOC_test_t1,AUTOC_test_t2,AUTOC_test_t3,AUTOC_test_t4,AUTOC_test_t5,AUTOC_se_test_t1,AUTOC_se_test_t2,AUTOC_se_test_t3,AUTOC_se_test_t4,AUTOC_se_test_t5
delta_in_range_fw_7d,Raw (TS2Vec),Clustered Embeddings (4),DRForest,0.05,0.01,0.0027104318889929584,0.005395417482246337,0.0004812676675003712,-0.0035957955527699836,0.00042723253784706007,0.0015164710683432468,0.0030571192364558146,0.001209523210296628,0.0022912334004902266,0.0025276454079838587,0.0020986094469795276,0.002475623442324392,-0.0003274162720765147,0.0005905518894347157,0.0005926541742708627,0.0024818203397898963,0.0028900066032946274,0.0013709366425198907,0.0029129667143303877,0.0026951482761880374
