outcome,state_rep,action_rep,cate_estimator,p_wins,prop_lb,AUTOC_val_t1,AUTOC_val_t2,AUTOC_se_val_t1,AUTOC_se_val_t2,AUTOC_test_t1,AUTOC_test_t2,AUTOC_se_test_t1,AUTOC_se_test_t2
delta_in_range_fw_7d,Raw (TS2Vec),Binary (any),CF,0.05,0.01,-0.000936383621996903,-0.000936383621996903,0.0013665617761853062,0.0013665617761853062,0.002618204403806861,0.002618204403806861,0.0016222727829052909,0.0016222727829052909
