outcome,state_rep,action_rep,cate_estimator,p_wins,prop_lb,AUTOC_val_t1,AUTOC_val_t2,AUTOC_val_t3,AUTOC_val_t4,AUTOC_se_val_t1,AUTOC_se_val_t2,AUTOC_se_val_t3,AUTOC_se_val_t4,AUTOC_test_t1,AUTOC_test_t2,AUTOC_test_t3,AUTOC_test_t4,AUTOC_se_test_t1,AUTOC_se_test_t2,AUTOC_se_test_t3,AUTOC_se_test_t4
delta_in_range_fw_7d,Raw (TS2Vec),Expert,Ensemble,0.05,0.01,-0.0016959309462018987,0.0037001993265956866,-0.001118526610495778,0.005583819217185703,0.0027864993241406787,0.002910449114455331,0.0016515298706695448,0.002665735650070831,0.002867776654543902,0.007119087639476256,0.0033834247497034095,0.007479008428678623,0.003642762501333004,0.0023158441060439684,0.0019946781258680137,0.002469818231185975
