outcome,state_rep,action_rep,cate_estimator,p_wins,prop_lb,AUTOC_val_t1,AUTOC_val_t2,AUTOC_se_val_t1,AUTOC_se_val_t2,AUTOC_test_t1,AUTOC_test_t2,AUTOC_se_test_t1,AUTOC_se_test_t2
delta_in_range_fw_7d,Raw (TS2Vec),Binary (any),SLearner,0.05,0.01,-0.0007634554520284972,-0.0007634554520284972,0.0015563010716541825,0.0015563010716541825,0.004968328568897304,0.004968328568897304,0.0015377993464821113,0.0015377993464821113
