outcome,state_rep,action_rep,cate_estimator,p_wins,prop_lb,AUTOC_val_t1,AUTOC_val_t2,AUTOC_val_t3,AUTOC_val_t4,AUTOC_val_t5,AUTOC_se_val_t1,AUTOC_se_val_t2,AUTOC_se_val_t3,AUTOC_se_val_t4,AUTOC_se_val_t5,AUTOC_test_t1,AUTOC_test_t2,AUTOC_test_t3,AUTOC_test_t4,AUTOC_test_t5,AUTOC_se_test_t1,AUTOC_se_test_t2,AUTOC_se_test_t3,AUTOC_se_test_t4,AUTOC_se_test_t5
delta_in_range_fw_7d,Raw (TS2Vec),Clustered Embeddings (4),CF,0.05,0.01,0.00156306957440958,0.003255189392662612,0.0004220702118834709,-0.0021091892247007238,0.0013603982680963167,0.0018171163903860598,0.0024592203343163227,0.001220509032985671,0.0027471217393794517,0.0019980169924286267,0.0011284882091377954,0.008610133735437994,-0.0007461414213371067,2.5177157090931213e-06,-0.0025091550081070054,0.0018745465574381088,0.0031962463646252486,0.0010211804338314421,0.0030931187257029927,0.0017492721616504839
