outcome,state_rep,action_rep,cate_estimator,p_wins,prop_lb,AUTOC_val_t1,AUTOC_val_t2,AUTOC_val_t3,AUTOC_val_t4,AUTOC_val_t5,AUTOC_se_val_t1,AUTOC_se_val_t2,AUTOC_se_val_t3,AUTOC_se_val_t4,AUTOC_se_val_t5,AUTOC_test_t1,AUTOC_test_t2,AUTOC_test_t3,AUTOC_test_t4,AUTOC_test_t5,AUTOC_se_test_t1,AUTOC_se_test_t2,AUTOC_se_test_t3,AUTOC_se_test_t4,AUTOC_se_test_t5
delta_in_range_fw_7d,Raw (TS2Vec),Expert v3,XLearner,0.05,0.01,0.0005390219454558253,0.00221521135743156,0.008109244849215578,-0.00097343545307888,0.005457209685661577,0.002071272843126555,0.0030636796575450364,0.0013543877165480527,0.0019409305199588505,0.002429976056732401,8.977392303343549e-05,0.001277415347698378,0.008626404131114717,0.0037307222679059276,0.005345345187076401,0.002924002720356923,0.003050661719915166,0.001975056570417009,0.002242578344006355,0.0022884223890008337
