outcome,state_rep,action_rep,cate_estimator,p_wins,prop_lb,AUTOC_val_t1,AUTOC_val_t2,AUTOC_val_t3,AUTOC_val_t4,AUTOC_val_t5,AUTOC_se_val_t1,AUTOC_se_val_t2,AUTOC_se_val_t3,AUTOC_se_val_t4,AUTOC_se_val_t5,AUTOC_test_t1,AUTOC_test_t2,AUTOC_test_t3,AUTOC_test_t4,AUTOC_test_t5,AUTOC_se_test_t1,AUTOC_se_test_t2,AUTOC_se_test_t3,AUTOC_se_test_t4,AUTOC_se_test_t5
delta_in_range_fw_7d,Raw (TS2Vec),Clustered Embeddings (4),Ensemble,0.05,0.01,0.003156816130628461,0.004473156423753764,0.00014456492848660153,-0.0016554044110100473,0.0010594457824830033,0.0017305787147915163,0.0030280640384442842,0.001266582592514706,0.0027511585723033055,0.0021664572756280235,0.003315810006846384,0.00726062400197395,0.000525877618542299,-0.0002157816673048596,0.005458809734166396,0.0023291108774417288,0.0035563577665742698,0.0013520666700623553,0.003191416911196615,0.0028944386165084754
