outcome,state_rep,action_rep,cate_estimator,p_wins,prop_lb,AUTOC_val_t1,AUTOC_val_t2,AUTOC_val_t3,AUTOC_val_t4,AUTOC_val_t5,AUTOC_se_val_t1,AUTOC_se_val_t2,AUTOC_se_val_t3,AUTOC_se_val_t4,AUTOC_se_val_t5,AUTOC_test_t1,AUTOC_test_t2,AUTOC_test_t3,AUTOC_test_t4,AUTOC_test_t5,AUTOC_se_test_t1,AUTOC_se_test_t2,AUTOC_se_test_t3,AUTOC_se_test_t4,AUTOC_se_test_t5
delta_in_range_fw_7d,Raw (TS2Vec),Clustered Embeddings (4),SLearner,0.05,0.01,0.003015496243527413,0.00260461806285267,-0.0003096053374146266,-0.001496241477399117,0.0002406206552465262,0.0019581281461412445,0.0028485562825824886,0.0015354637693716,0.003009998315062543,0.002342928611402111,0.004416835307412417,0.0065409844806591545,-0.0005522024560764575,0.003043159683130598,0.004781118014130804,0.0021195613891531956,0.00330560663976123,0.0011710998193180783,0.003881770701413429,0.0027346750091652478
