outcome,state_rep,action_rep,cate_estimator,p_wins,prop_lb,AUTOC_val_t1,AUTOC_val_t2,AUTOC_se_val_t1,AUTOC_se_val_t2,AUTOC_test_t1,AUTOC_test_t2,AUTOC_se_test_t1,AUTOC_se_test_t2
delta_in_range_fw_7d,Raw (TS2Vec),Binary (any),XLearner,0.05,0.01,-0.00016929586925127418,-0.00016929586925127418,0.0014921596111840646,0.0014921596111840646,0.0035691384954393167,0.0035691384954393167,0.0016234698758310704,0.0016234698758310704
