outcome,state_rep,action_rep,cate_estimator,p_wins,prop_lb,AUTOC_val_t1,AUTOC_val_t2,AUTOC_val_t3,AUTOC_val_t4,AUTOC_se_val_t1,AUTOC_se_val_t2,AUTOC_se_val_t3,AUTOC_se_val_t4,AUTOC_test_t1,AUTOC_test_t2,AUTOC_test_t3,AUTOC_test_t4,AUTOC_se_test_t1,AUTOC_se_test_t2,AUTOC_se_test_t3,AUTOC_se_test_t4
delta_in_range_fw_7d,Raw (TS2Vec),Expert,DRForest,0.05,0.01,0.0005751801804179532,0.004268403294421011,-0.0005318253714968428,0.003639692727283922,0.002996092612707781,0.0030428989918805634,0.0016452209405562626,0.002787789396300888,-0.0003797169225901292,0.0017762551809792876,0.003607983416832762,0.0029267325561556515,0.0035824233068340876,0.003016459966988565,0.0020172173099355086,0.003348291443611654
