outcome,state_rep,action_rep,cate_estimator,p_wins,prop_lb,AUTOC_val_t1,AUTOC_val_t2,AUTOC_val_t3,AUTOC_se_val_t1,AUTOC_se_val_t2,AUTOC_se_val_t3,AUTOC_test_t1,AUTOC_test_t2,AUTOC_test_t3,AUTOC_se_test_t1,AUTOC_se_test_t2,AUTOC_se_test_t3
delta_in_range_fw_7d,Raw (TS2Vec),Binary (dose change),SLearner,0.05,0.01,0.003970308414944665,-0.0030961140591338463,0.005236177651436557,0.002351961672952425,0.0020295447372863764,0.0024547603262505386,0.0035774010107328395,0.004487376759517302,0.006538837217970964,0.00258733583445767,0.0021511829680612936,0.0024463199374906005
