outcome,state_rep,action_rep,cate_estimator,p_wins,prop_lb,AUTOC_val_t1,AUTOC_val_t2,AUTOC_val_t3,AUTOC_val_t4,AUTOC_val_t5,AUTOC_se_val_t1,AUTOC_se_val_t2,AUTOC_se_val_t3,AUTOC_se_val_t4,AUTOC_se_val_t5,AUTOC_test_t1,AUTOC_test_t2,AUTOC_test_t3,AUTOC_test_t4,AUTOC_test_t5,AUTOC_se_test_t1,AUTOC_se_test_t2,AUTOC_se_test_t3,AUTOC_se_test_t4,AUTOC_se_test_t5
delta_in_range_fw_7d,Raw (TS2Vec),Clustered Embeddings (4),TLearner,0.05,0.01,-0.0007249098593102488,0.0018219855893034547,-0.0006189751206231316,-0.0011097489970814224,-0.00100666535488282,0.0017814159682118177,0.003084546191282665,0.0012034136755078263,0.0025796649489115255,0.0024305659069765806,0.002757972786953729,0.004861972589746399,0.0015275871812521062,-0.0006396044017329113,0.00793810671172501,0.0020336444884816174,0.004028213584580517,0.0011619020317086388,0.0031611317373978066,0.0036324782648482564
