outcome,state_rep,action_rep,cate_estimator,p_wins,prop_lb,AUTOC_val_t1,AUTOC_val_t2,AUTOC_val_t3,AUTOC_val_t4,AUTOC_se_val_t1,AUTOC_se_val_t2,AUTOC_se_val_t3,AUTOC_se_val_t4,AUTOC_test_t1,AUTOC_test_t2,AUTOC_test_t3,AUTOC_test_t4,AUTOC_se_test_t1,AUTOC_se_test_t2,AUTOC_se_test_t3,AUTOC_se_test_t4
delta_in_range_fw_7d,Raw (TS2Vec),Expert v2,SLearner,0.05,0.01,-0.0004339892999638926,0.0028847710849692217,-0.001109506985602724,0.0015528095481975566,0.001684671632498661,0.002290669478803748,0.002041726620397552,0.002091763898512414,0.001106546994136325,0.005815680786679651,0.004408430901900587,0.005469668475232764,0.001689346640701381,0.0021161717320564224,0.002243693396073282,0.0022110284494175404
