outcome,state_rep,action_rep,cate_estimator,p_wins,prop_lb,AUTOC_val_t1,AUTOC_val_t2,AUTOC_val_t3,AUTOC_val_t4,AUTOC_se_val_t1,AUTOC_se_val_t2,AUTOC_se_val_t3,AUTOC_se_val_t4,AUTOC_test_t1,AUTOC_test_t2,AUTOC_test_t3,AUTOC_test_t4,AUTOC_se_test_t1,AUTOC_se_test_t2,AUTOC_se_test_t3,AUTOC_se_test_t4
delta_in_range_fw_7d,Raw (TS2Vec),Expert v2,CF,0.05,0.01,-0.000804201246139408,0.003564869345172804,-0.0011242089167826774,0.004010498871455691,0.0021964432816415375,0.0020948689979957314,0.0019359518875466345,0.0020215703222683824,0.005697481620798175,-0.000662477129461579,0.003328010339569885,0.006178536638434432,0.0022623179342762547,0.0023090113952825096,0.002376214058510524,0.002437598645890082
