outcome,state_rep,action_rep,cate_estimator,p_wins,prop_lb,AUTOC_val_t1,AUTOC_val_t2,AUTOC_val_t3,AUTOC_se_val_t1,AUTOC_se_val_t2,AUTOC_se_val_t3,AUTOC_test_t1,AUTOC_test_t2,AUTOC_test_t3,AUTOC_se_test_t1,AUTOC_se_test_t2,AUTOC_se_test_t3
delta_in_range_fw_7d,Raw (TS2Vec),Binary (dose change),XLearner,0.05,0.01,0.003929346982712033,-0.0009538604371439887,0.0038580345918317934,0.002391044193314632,0.00189086197586662,0.002397754119130208,0.0021141496281374688,0.002045633078889431,0.001326357938475001,0.0028602164795319077,0.002375061805419902,0.0024600042972396604
