outcome,state_rep,action_rep,cate_estimator,p_wins,prop_lb,AUTOC_val_t1,AUTOC_val_t2,AUTOC_val_t3,AUTOC_val_t4,AUTOC_val_t5,AUTOC_se_val_t1,AUTOC_se_val_t2,AUTOC_se_val_t3,AUTOC_se_val_t4,AUTOC_se_val_t5,AUTOC_test_t1,AUTOC_test_t2,AUTOC_test_t3,AUTOC_test_t4,AUTOC_test_t5,AUTOC_se_test_t1,AUTOC_se_test_t2,AUTOC_se_test_t3,AUTOC_se_test_t4,AUTOC_se_test_t5
delta_in_range_fw_7d,Raw (TS2Vec),Clustered Embeddings (4),XLearner,0.05,0.01,0.003520598417028402,0.005588058002134318,-0.00028673212083600883,0.0010785441954007649,0.002912673433540111,0.001774492954582098,0.002753878141962766,0.001371325689836117,0.002559438776581009,0.0022816526542951687,0.002612473485744715,0.008967902606832515,0.0011557272701761703,-0.0010698721021824929,0.004150330454378024,0.0020297354224964345,0.00311591766621928,0.00115013873455151,0.003381965153282916,0.002901521412608522
