outcome,state_rep,action_rep,cate_estimator,p_wins,prop_lb,AUTOC_val_t1,AUTOC_val_t2,AUTOC_val_t3,AUTOC_val_t4,AUTOC_se_val_t1,AUTOC_se_val_t2,AUTOC_se_val_t3,AUTOC_se_val_t4,AUTOC_test_t1,AUTOC_test_t2,AUTOC_test_t3,AUTOC_test_t4,AUTOC_se_test_t1,AUTOC_se_test_t2,AUTOC_se_test_t3,AUTOC_se_test_t4
delta_in_range_fw_7d,Raw (TS2Vec),Expert v2,XLearner,0.05,0.01,0.0013249678844035866,0.0041653843379848045,-0.0003271463129006552,0.0024701598957649513,0.0015188280377627249,0.0023055977473342825,0.002155075302641108,0.0020759187282749026,0.004288097251976335,0.00402605381469016,0.003918189384010825,0.006903242676887908,0.0017572368672904765,0.002376942456139621,0.0022386285652188937,0.0014689208840199814
