outcome,state_rep,action_rep,cate_estimator,p_wins,prop_lb,AUTOC_val_t1,AUTOC_val_t2,AUTOC_se_val_t1,AUTOC_se_val_t2,AUTOC_test_t1,AUTOC_test_t2,AUTOC_se_test_t1,AUTOC_se_test_t2
delta_in_range_fw_7d,Raw (TS2Vec),Binary (any),Ensemble,0.05,0.01,-0.0007248171762613498,-0.0007248171762613498,0.0015237176339756347,0.0015237176339756347,0.004259041195262725,0.004259041195262725,0.0015068147241500253,0.0015068147241500253
