outcome,state_rep,action_rep,cate_estimator,p_wins,prop_lb,AUTOC_val_t1,AUTOC_val_t2,AUTOC_val_t3,AUTOC_val_t4,AUTOC_val_t5,AUTOC_se_val_t1,AUTOC_se_val_t2,AUTOC_se_val_t3,AUTOC_se_val_t4,AUTOC_se_val_t5,AUTOC_test_t1,AUTOC_test_t2,AUTOC_test_t3,AUTOC_test_t4,AUTOC_test_t5,AUTOC_se_test_t1,AUTOC_se_test_t2,AUTOC_se_test_t3,AUTOC_se_test_t4,AUTOC_se_test_t5
delta_in_range_fw_7d,Raw (TS2Vec),Expert v3,SLearner,0.05,0.01,-3.8751259379978916e-05,0.005256609155311384,7.320755896467158e-05,-0.0010903599756221759,0.0069193583863198585,0.0027234917228359063,0.002946749705854298,0.0014952040643935935,0.0017830207757603992,0.0023536995041988544,0.002351492992996444,0.0018413593308755887,0.002787240287386896,0.004126217280830133,0.0015453638524714794,0.0026812470756462257,0.003414275956972787,0.0016698974864693492,0.002246559860247194,0.003018371360653153
