outcome,state_rep,action_rep,cate_estimator,p_wins,prop_lb,AUTOC_val_t1,AUTOC_val_t2,AUTOC_val_t3,AUTOC_se_val_t1,AUTOC_se_val_t2,AUTOC_se_val_t3,AUTOC_test_t1,AUTOC_test_t2,AUTOC_test_t3,AUTOC_se_test_t1,AUTOC_se_test_t2,AUTOC_se_test_t3
delta_in_range_fw_7d,Raw (TS2Vec),Binary (dose change),Ensemble,0.05,0.01,0.0039898485620628015,-0.0032649786259371645,0.005160155169835277,0.0023745107441687026,0.002033209454816199,0.0024133425352103957,0.0037563842820521297,0.004314938040462939,0.006646932709248439,0.0026244710226263285,0.0021053640089762995,0.00239387824321467
