outcome,state_rep,action_rep,cate_estimator,p_wins,prop_lb,AUTOC_val_t1,AUTOC_val_t2,AUTOC_val_t3,AUTOC_val_t4,AUTOC_se_val_t1,AUTOC_se_val_t2,AUTOC_se_val_t3,AUTOC_se_val_t4,AUTOC_test_t1,AUTOC_test_t2,AUTOC_test_t3,AUTOC_test_t4,AUTOC_se_test_t1,AUTOC_se_test_t2,AUTOC_se_test_t3,AUTOC_se_test_t4
delta_in_range_fw_7d,Raw (TS2Vec),Expert,TLearner,0.05,0.01,-0.0024279669534414358,0.0014857707333273077,-0.000605670401715729,0.004034922652203797,0.0031947325242711365,0.002603796471222231,0.0018281897261479083,0.0026265105837019504,-0.002727346574399889,0.0038885566128998928,0.003211288267803217,0.002718747390151696,0.0036863667476020883,0.0026147777747294095,0.0025658268395059797,0.0029090286544416607
