outcome,state_rep,action_rep,cate_estimator,p_wins,prop_lb,AUTOC_val_t1,AUTOC_val_t2,AUTOC_val_t3,AUTOC_val_t4,AUTOC_se_val_t1,AUTOC_se_val_t2,AUTOC_se_val_t3,AUTOC_se_val_t4,AUTOC_test_t1,AUTOC_test_t2,AUTOC_test_t3,AUTOC_test_t4,AUTOC_se_test_t1,AUTOC_se_test_t2,AUTOC_se_test_t3,AUTOC_se_test_t4
delta_in_range_fw_7d,Raw (TS2Vec),Expert,XLearner,0.05,0.01,0.0015773711527407419,0.0034134567220733608,0.000905756884209435,0.006436988779835836,0.0029622716895271765,0.002726998015839313,0.0016732569510319356,0.002741690253453428,-0.0008240657732850463,0.004022955083784522,0.0005321660752286886,0.004944304492927052,0.0033797209073040484,0.00291178469107761,0.00203955205706222,0.002602850026409035
