outcome,state_rep,action_rep,cate_estimator,p_wins,prop_lb,AUTOC_val_t1,AUTOC_val_t2,AUTOC_val_t3,AUTOC_val_t4,AUTOC_se_val_t1,AUTOC_se_val_t2,AUTOC_se_val_t3,AUTOC_se_val_t4,AUTOC_test_t1,AUTOC_test_t2,AUTOC_test_t3,AUTOC_test_t4,AUTOC_se_test_t1,AUTOC_se_test_t2,AUTOC_se_test_t3,AUTOC_se_test_t4
delta_in_range_fw_7d,Raw (TS2Vec),Expert,CF,0.05,0.01,0.002830754022257415,0.002079394342114338,0.00028296031374570977,-2.293964534996776e-05,0.002340108851998517,0.002701595107180952,0.0018052783266424427,0.0027081753925787006,-0.002811696174376778,0.0030239689456597967,0.0027569075031511794,0.0036405198608777194,0.0035649623323607297,0.002703277934741951,0.0021465848809257416,0.002485834670448939
