outcome,state_rep,action_rep,cate_estimator,p_wins,prop_lb,AUTOC_val_t1,AUTOC_val_t2,AUTOC_val_t3,AUTOC_val_t4,AUTOC_se_val_t1,AUTOC_se_val_t2,AUTOC_se_val_t3,AUTOC_se_val_t4,AUTOC_test_t1,AUTOC_test_t2,AUTOC_test_t3,AUTOC_test_t4,AUTOC_se_test_t1,AUTOC_se_test_t2,AUTOC_se_test_t3,AUTOC_se_test_t4
delta_in_range_fw_7d,Raw (TS2Vec),Expert,SLearner,0.05,0.01,-0.001551521259964427,0.0038109499264420863,-0.0009896404663135648,0.0056995598597433545,0.002539997618230711,0.0029074647820072543,0.0017100848191247764,0.002558935777031616,0.003120558183438733,0.0070553503837071175,0.0034319013992062343,0.007349355598294787,0.003565705920010805,0.0022644655031526313,0.002069719825744671,0.0023528661999582113
