outcome,state_rep,action_rep,cate_estimator,p_wins,prop_lb,AUTOC_val_t1,AUTOC_val_t2,AUTOC_val_t3,AUTOC_val_t4,AUTOC_se_val_t1,AUTOC_se_val_t2,AUTOC_se_val_t3,AUTOC_se_val_t4,AUTOC_test_t1,AUTOC_test_t2,AUTOC_test_t3,AUTOC_test_t4,AUTOC_se_test_t1,AUTOC_se_test_t2,AUTOC_se_test_t3,AUTOC_se_test_t4
delta_in_range_fw_7d,Raw (TS2Vec),Expert v2,DRForest,0.05,0.01,-0.0009504172200320795,0.001738243990382767,-0.003120005450850076,5.5188698668948367e-05,0.0015671815425075983,0.002227519974284368,0.0022277502423755494,0.0017589833329904523,0.0007215463304895356,-0.00040788937447512293,0.00598372421726536,0.001094444917002344,0.0021482107724763843,0.0027527314396110997,0.0022226813853550055,0.002481796012061877
