outcome,state_rep,action_rep,cate_estimator,p_wins,prop_lb,AUTOC_val_t1,AUTOC_val_t2,AUTOC_val_t3,AUTOC_se_val_t1,AUTOC_se_val_t2,AUTOC_se_val_t3,AUTOC_test_t1,AUTOC_test_t2,AUTOC_test_t3,AUTOC_se_test_t1,AUTOC_se_test_t2,AUTOC_se_test_t3
delta_in_range_fw_7d,Raw (TS2Vec),Binary (dose change),DRForest,0.05,0.01,0.0018216861662775452,-0.0014893500635167762,0.005634430815107865,0.002647410037821443,0.0016335740403685545,0.0022860436989332977,0.0027637793024014668,0.0037779123095666193,0.003190370396391169,0.0024353850951457754,0.00220523950711934,0.002442030483850102
